,hanja,han,kor,meaning
0,入,加入,가입,단체나 조직의 구성원이 됨
1,入,入學,입학,공부를 할 목적으로 학교에 들어감
2,入,輸入,수입,외국의 물품을 사들임
3,入,流入,유입,물이 어떤 곳으로 흘러들어 옴
4,入,導入,도입,"기술, 방법, 물자 따위를 끌어들임"
5,過,通過,통과,어떤 기관에 제출한 서류나 안건 따위가 검열이나 심의에 승인됨
6,過,過去,과거,지나간 일이나 때
7,過,過熱,과열,지나치게 활기를 띰
8,過,過失,과실,부주의로 인하여 생긴 잘못이나 허물
9,過,不過,불과,그 수량 정도에 지나지 않음을 이르는 말
10,吉,吉祥,길상,좋은 일이 일어날 조짐
11,吉,吉兆,길조,복되고 좋은 일이 있을 조짐
12,吉,吉凶,길흉,운수의 좋음과 나쁨
13,吉,吉日,길일,복되고 운 좋은 일이 있을 조짐이 있는 날
14,吉,吉祭,길제,담제를 지낸 다음 오는 정일과 해일을 택해서 신주를 사당에 안치하기 위해 지내는 제사
15,友,友情,우정,친구 사이의 정
16,友,友邦,우방,서로 우호적인 관계를 맺고 있는 나라
17,友,友愛,우애,형제 사이의 정과 사랑
18,友,友好,우호,개인 간이나 국가 간에 서로 친하고 사이가 좋음
19,友,友好的,우호적,개인 간이나 국가 간에 서로 친하고 사이가 좋은 것
20,爭,競爭,경쟁,같은 목적에 대하여 서로 이기거나 앞서려고 다툼
21,爭,鬪爭,투쟁,단체나 개인 등이 어떤 목적을 이루거나 상대편을 극복하기 위하여 힘쓰거나 싸움
22,爭,戰爭,전쟁,나라나 단체들 사이에서 무력을 써서 행하는 싸움
23,爭,紛爭,분쟁,서로 시끄럽게 다툼
24,爭,論爭,논쟁,서로 다른 견해를 가진 사람들이 말이나 글로 옳고 그름을 따지며 다툼
25,育,育兒,육아,어린아이를 기름
26,育,敎育,교육,사회생활에 필요한 지식이나 기술 및 바람직한 인성과 체력을 갖도록 가르치는 조직적이고 체계적인 활동
27,育,體育,체육,일정한 운동을 통해 신체를 튼튼하게 단련시키는 일
28,育,育成,육성,"어떤 일이나 인물, 대상 따위를 어떠한 목적을 전제로 가꾸어 키우거나 발전시킴"
29,育,敎育的,교육적,사회생활에 필요한 지식이나 기술 및 바람직한 인성과 체력을 갖도록 가르치는
30,敬,恭敬,공경,남을 대할 때 몸가짐을 조심스럽게 하고 받듦
31,敬,尊敬,존경,우러러 받듦
32,敬,敬禮,경례,경의나 공경을 표하는 뜻으로 고개를 숙이거나 오른손을 이마 또는 가슴에 대는 동작
33,敬,敬意,경의,존경의 뜻
34,敬,尊敬心,존경심,높이어 공경하는 마음
35,洋,洋襪,양말,실이나 섬유로 짜서 맨발에 신도록 만든 물건
36,洋,洋服,양복,남성의 서양식 정장
37,洋,海洋,해양,넓고 큰 바다
38,洋,東洋,동양,유럽 대륙의 동쪽에 위치한 아시아 지역
39,洋,西洋,서양,동양에 대하여 유럽 대륙과 북아메리카의 여러 나라를 이르는 말
40,多,多數,다수,많은 수
41,多,多幸,다행,"주로 ‘-이다’와 함께 쓰여, 잘 안 될 것으로 여겨 걱정했던 일이 뜻밖에 잘 풀려 마음이 놓이고 흡족함"
42,多,多量,다량,많은 양
43,多,多少,다소,적기는 하지만 어느 정도로
44,多,大多數,대다수,거의 모두
45,少,少數,소수,적은 수효
46,少,少年,소년,아주 어리지도 않고 완전히 성숙하지도 않은 사내아이
47,少,少女,소녀,"아직 충분히 성숙하지 않은, 나이 어린 여자아이"
48,少,多少,다소,적기는 하지만 어느 정도로
49,少,靑少年,청소년,미성년의 젊은이들을 통틀어서 이르는 말. 흔히 십 대의 젊은이를 일컫는다.
50,幸,幸運,행운,좋은 운수
51,幸,幸福,행복,생활에서 기쁨과 만족감을 느껴 흐뭇한 상태
52,幸,多幸,다행,"주로 ‘-이다’와 함께 쓰여, 잘 안 될 것으로 여겨 걱정했던 일이 뜻밖에 잘 풀려 마음이 놓이고 흡족함"
53,幸,不幸,불행,상황이 좋지 않음
54,幸,幸福感,행복감,"생활에서 만족과 기쁨, 보람 따위를 느껴 흐뭇한 마음"
55,河,銀河,은하,천구상에 남북으로 길게 보이는 수억 개의 항성 무리
56,河,氷河,빙하,지상에 쌓인 눈이 융해와 동결을 반복하면서 만들어진 거대한 얼음덩어리
57,河,運河,운하,육지를 파서 인공적으로 강을 내고 배가 다닐 수 있게 한 수로
58,河,河川,하천,육지 표면에서 일정한 물길을 따라 흐르는 큰 물줄기
59,河,河口,하구,강물이 바다로 흘러들어 가는 어귀
60,千,千萬,천만,‘만8’의 천 배가 되는 수
61,千,千金,천금,"엽전 천 냥이라는 뜻으로, 많은 돈이나 비싼 값을 비유적으로 이르는 말"
62,千,數千,수천,‘천8’의 여러 배가 되는 수
63,千,數千萬,수천만,‘천만2’의 여러 배가 되는 수
64,千,三千萬,삼천만,"예전에, 우리나라 인구가 약 삼천만 명이었을 때 우리 국민 전체를 이르던 말"
65,曲,歪曲,왜곡,사실과 달리 그릇되게 하거나 진실과 다르게 함
66,曲,曲調,곡조,음악이나 가사의 가락
67,曲,屈曲,굴곡,이리저리 굽어 꺾임
68,曲,作曲,작곡,일정한 질서에 따라 음을 조합하여 음악 작품을 창조하는 행위
69,曲,曲線,곡선,모나지 않고 굽은 선
70,性,性質,성질,사물이나 현상이 본디부터 가지고 있는 고유의 본바탕
71,性,性格,성격,각 개인이 지닌 특유한 성질이나 품성
72,性,本性,본성,사람이 본래 가지고 태어난 성질
73,性,可能性,가능성,일이 이루어지거나 실현될 수 있는 성질이나 정도
74,性,女性,여성,성의 측면에서 여자를 이르는 말
75,一,萬一,만일,"연결 어미 ‘-면’과 함께 쓰여, 이 말이 포함된 앞 내용이 가정된 일이나 상황, 또는 조건이며 뒤 내용이 그에 따른 결과나 반응을 말할 때 쓰여 앞뒤 문장을 이어 주는 말"
76,一,一旦,일단,우선 먼저
77,一,一般,일반,특별한 일부에 한정되지 않고 전체에 널리 해당되는 것
78,一,第一,제일,여럿 가운데 으뜸으로
79,一,一時,일시,"주로 ‘일시에’의 꼴로 쓰여, ‘몰아서 한꺼번에’의 뜻을 나타내는 말"
80,相,相對,상대,서로 마주 대함
81,相,相當,상당,"일부 명사 앞에서 관형어로 쓰여, 어느 정도의 뜻을 나타내는 말"
82,相,相對的,상대적,다른 것과 서로 맞서거나 비교되는 관계에 있는 것
83,相,相互,상호,관계되는 둘 이상의 사이에서 이쪽과 저쪽 모두
84,相,相關,상관,서로 관련을 가짐
85,基,基礎,기초,사물의 기본이 되는 토대
86,基,基準,기준,기본이 되는 표준
87,基,基本,기본,"어떤 것을 이루기 위해 가장 먼저, 또는 꼭 있어야 하는 것"
88,基,基地,기지,"군대, 탐험대 따위의 활동의 기점이 되는 근거지"
89,基,基本的,기본적,근본이나 기초가 되는 것
90,歌,歌謠,가요,많은 사람들이 즐겨 듣거나 부를 수 있도록 만들어진 노래
91,歌,歌詞,가사,"가곡이나 오페라 등에서, 노래의 내용이 되는 글"
92,歌,歌曲,가곡,시에다가 곡을 붙여 만든 서정적인 노래
93,歌,歌手,가수,노래 부르는 것을 직업으로 삼는 사람
94,歌,流行歌,유행가,특정한 시기에 대중의 인기를 얻어 많은 사람이 듣고 널리 부르는 노래
95,花,花鬪,화투,"꽃 그림이 그려진 투전이라는 뜻으로, 계절에 따라 꽃이나 풀 따위가 있는 풍경을 그려 넣은 딱지 모양의 놀이 도구"
96,花,花盆,화분,화초를 심고 가꾸는 그릇
97,花,花草,화초,꽃이 피는 풀과 나무
98,花,菊花,국화,국화과에 속한 여러해살이풀
99,花,花壇,화단,화초를 심기 위하여 흙을 약간 높게 쌓아 만든 꽃밭
100,全,全體,전체,여러 요소들로 이루어진 것의 온 덩어리
101,全,全部,전부,어떤 대상을 이루는 낱낱의 전체
102,全,全面,전면,일정한 범위 안의 모든 부분
103,全,全的,전적,전체에 걸쳐 모두 다인 것
104,全,安全,안전,위험이 생기거나 사고가 날 염려가 없이 편안하고 온전한 상태
105,主,主人,주인,어떤 대상에 대한 소유권을 가지고 있는 사람
106,主,主題,주제,창의적인 예술 작품에 나타나는 중심 사상
107,主,主要,주요,주되고 중요함
108,主,主義,주의,특정한 일에 대한 일관성 있는 인식과 행동의 원칙
109,主,民主的,민주적,민주주의의 정신이나 원칙에 맞거나 부합되는 것
110,敎,敎授,교수,대학에서 학생을 가르치는 사람
111,敎,敎師,교사,일정한 자격을 가지고 학생을 가르치는 사람
112,敎,敎室,교실,"유치원에서 고등학교에 이르는 교육 기관에서, 학생들이 수업하는 방"
113,敎,敎育,교육,사회생활에 필요한 지식이나 기술 및 바람직한 인성과 체력을 갖도록 가르치는 조직적이고 체계적인 활동
114,敎,宗敎,종교,초자연적인 절대자의 힘에 의존하여 인간 생활의 고뇌를 해결하고 삶의 궁극적 의미를 추구하는 문화 체계
115,約,契約,계약,일정한 법률적 효과의 발생을 목적으로 두 사람 이상이 의사 표시의 합의를 이룸으로써 이루어지는 법률 행위
116,約,約束,약속,장래의 일을 상대방과 미리 정하여 어기지 않을 것을 다짐함
117,約,制約,제약,조건을 붙여 내용을 제한함
118,約,條約,조약,"국제법의 주체, 즉 국가 간의 문서에 의한 명시적 합의"
119,約,公約,공약,"정부나 정당, 입후보자 등이 어떤 일에 대해 사회 공중에게 실행할 것을 약속함"
120,格,資格,자격,일정한 신분이나 지위를 가지거나 어떤 역할이나 행동을 하는 데 필요한 조건 또는 능력
121,格,價格,가격,물건이 지니고 있는 교환 가치를 화폐의 단위로 나타낸 것
122,格,本格的,본격적,일의 진행 상태가 제 궤도에 올라 매우 활발한 것
123,格,本格,본격,어떤 일의 진행 상태가 제 궤도에 올라 매우 활발함
124,格,性格,성격,각 개인이 지닌 특유한 성질이나 품성
125,漁,漁船,어선,물고기를 잡는 데에 쓰는 배
126,漁,漁場,어장,풍부한 수산 자원이 있고 어업을 할 수 있는 수역
127,漁,漁民,어민,어업을 생업으로 하는 사람
128,漁,漁業,어업,"영리를 목적으로 물고기, 조개, 김, 미역 따위를 잡거나 기르는 산업"
129,漁,漁夫,어부,고기 잡는 일을 직업으로 하는 사람
130,首,首都,수도,한 나라의 중앙 정부가 있는 곳
131,首,首席,수석,석차 따위에서 제일 으뜸
132,首,首都圈,수도권,수도와 인접한 권역
133,首,黨首,당수,당의 우두머리
134,首,首相,수상,내각의 최고 책임자
135,安,慰安,위안,위로하여 마음을 편하게 함
136,安,安全,안전,위험이 생기거나 사고가 날 염려가 없이 편안하고 온전한 상태
137,安,安否,안부,어떤 사람이 편안하게 잘 지내는지 그렇지 않은지에 대한 소식
138,安,保安,보안,비밀 따위가 누설되지 않게 보호함
139,安,不安,불안,걱정이 되어 마음이 편하지 않음
140,建,建築,건축,여러 가지 재료를 이용하여 건물이나 구조물 따위를 세우거나 쌓아 만듦
141,建,建設,건설,건물이나 구조물 따위를 지어 세움
142,建,建物,건물,사람이 살거나 일하거나 물건을 넣어 두기 위해 지은 집을 통틀어 이르는 말
143,建,建國,건국,나라를 세움
144,建,建立,건립,건물이나 기념비 따위를 만들어 세움
145,登,登錄,등록,허가나 인정을 받기 위해 단체나 기관 따위의 문서에 이름을 올림
146,登,登場,등장,"사물이나 이론, 인물 등이 새로이 세상에 나옴"
147,登,登記,등기,"국가 기관이 법정 절차에 따라 권리, 재산, 신분 등에 관련된 사실이나 관계를 등기부에 기재하는 일"
148,登,登錄金,등록금,학교나 학원 따위에 등록할 때 내는 돈
149,登,登山,등산,"운동이나 놀이, 탐험 따위의 목적으로 산에 오름"
150,寫,描寫,묘사,어떤 대상이나 현상 따위를 있는 그대로 언어로 서술하거나 그림으로 그려서 나타냄
151,寫,複寫,복사,기계를 이용하여 문서를 종이 위에 그대로 찍어 냄
152,寫,寫眞,사진,광학적 방법으로 감광 재료면에 박아 낸 물체의 영상
153,寫,寫實的,사실적,사물이나 현상을 실제로 있는 그대로 그려 내는
154,寫,靑寫眞,청사진,미래의 일이나 사업에 대한 희망적인 계획이나 구상 등을 비유적으로 이르는 말
155,界,限界,한계,"힘이나 책임, 능력 따위가 다다를 수 있는 범위"
156,界,境界,경계,사물이 어떠한 기준에 의하여 나누어지는 한계
157,界,世界,세계,지구 위의 모든 나라
158,界,業界,업계,같은 분야의 업종에 종사하는 사람들의 사회
159,界,世界的,세계적,전 세계에 걸쳐 그 효과나 유효성이 미치는
160,旅,旅館,여관,일정한 돈을 지불하고 손님이 묵는 집
161,旅,旅券,여권,외국으로 여행하는 사람의 신분과 국적을 증명하여 상대국에 그 보호를 의뢰하는 여행 승인 증명서
162,旅,旅程,여정,여행 중에 거쳐가는 길이나 여행의 과정
163,旅,旅行,여행,자기가 사는 곳을 떠나 유람을 목적으로 객지를 두루 돌아다님
164,旅,旅行社,여행사,여행을 하는 사람들을 위해 교통편이나 숙소 안내 따위의 편의를 돌보아 주는 영업 기관
165,號,番號,번호,차례를 나타내기 위해 매겨진 숫자
166,號,記號,기호,"어떠한 뜻을 나타내거나 사물을 지시하기 위해 쓰이는 부호나 그림, 문자 따위를 통틀어 이르는 말"
167,號,暗號,암호,비밀을 유지하기 위하여 당사자끼리만 알 수 있도록 꾸민 부호나 신호
168,號,口號,구호,집회나 시위 등에서 어떤 요구나 주장 따위를 나타내는 간결한 말
169,號,信號,신호,"일정한 부호나 표지, 소리, 몸짓 따위를 사용하여 특정한 내용이나 정보를 전달하거나 지시함"
170,手,拍手,박수,"환영, 축하, 기쁨, 찬성의 표시 등으로 손뼉을 마주 두드리거나 침"
171,手,手術,수술,병을 치료하기 위해 피부나 몸의 일부를 의료 기구로 자르거나 째거나 도려내거나 함
172,手,選手,선수,많은 사람들 중에서 대표로 뽑혀 운동 경기에 나가는 사람
173,手,手段,수단,목적하는 바를 이루기 위한 방법
174,手,歌手,가수,노래 부르는 것을 직업으로 삼는 사람
175,洞,洞窟,동굴,자연 현상에 의해서 땅이 넓고 깊게 파여 들어가 있는 구멍
176,洞,洞事務所,동사무소,동의 행정 사무를 맡아보는 기관
177,洞,洞察,통찰,예리한 관찰력으로 사물을 환히 꿰뚫어 봄
178,洞,洞里,동리,"주로 시골에서, 여러 집이 모여 사는 곳"
179,洞,洞口,동구,마을로 들어서는 목의 첫머리
180,音,音樂,음악,"박자, 가락, 음성, 화성 따위를 갖가지 형식으로 조화시키고 결합하여, 목소리나 악기를 통하여 사상 또는 감정을 나타내는 예술"
181,音,騷音,소음,시끄러운 소리
182,音,音盤,음반,음악이나 음성 따위를 녹음해서 오디오 기기에 넣어 소리를 들을 수 있게 만든 둥그런 모양의 판
183,音,音聲,음성,사람의 발음 기관에서 나오는 구체적이고 물리적인 소리
184,音,雜音,잡음,불쾌한 느낌을 주는 시끄러운 소리
185,地,地境,지경,어떠한 처지나 형편
186,地,地域,지역,"자연적 또는 사회적, 문화적 특성에 따라 일정하게 나눈 지리적 공간"
187,地,地方,지방,한 나라의 수도 이외의 지역
188,地,地位,지위,"어떤 단체나 조직, 사회에서 차지하는 직위나 위치"
189,地,地下,지하,땅의 속
190,二,二重,이중,두 번 거듭되거나 겹침
191,二,二次的,이차적,어떤 사물이나 현상이 본래의 것에 대하여 부수적인 관계에 있는 것
192,二,二十,이십,‘십’의 두 배가 되는 수
193,二,十二月,십이월,한 해의 맨 마지막 달
194,二,二重的,이중적,이중으로 되는 것
195,會,社會,사회,공동생활을 하는 사람들의 조직화된 집단이나 세계
196,會,會社,회사,"상행위나 영리를 목적으로, 상법에 근거하여 설립된 사단 법인"
197,會,大會,대회,많은 사람이 일정한 때에 일정한 자리에 모여 행하는 행사
198,會,會議,회의,여럿이 모여 의논함
199,會,會長,회장,회사에서 사장 위의 지위
200,氷,氷板,빙판,얼음이 얼어붙어 있는 길바닥
201,氷,氷河,빙하,지상에 쌓인 눈이 융해와 동결을 반복하면서 만들어진 거대한 얼음덩어리
202,氷,解氷,해빙,서로 대립하던 세력 사이의 관계가 부드럽게 누그러짐을 비유적으로 이르는 말
203,氷,氷壁,빙벽,얼음이나 눈으로 덮인 낭떠러지
204,氷,氷山,빙산,극지에서 밀려 내려와 바다 위를 떠다니는 얼음덩어리
205,使,勞使,노사,노동자와 사용자를 아울러 이르는 말
206,使,使用,사용,사물을 필요로 하거나 소용이 되는 곳에 씀
207,使,使命,사명,맡겨진 임무
208,使,天使,천사,여호와와 인간의 중개자 역할을 하는 사자
209,使,大使,대사,한 나라를 대표하여 다른 나라에 파견되어 주재하면서 외교 교섭을 하며 자국민에 대한 보호와 감독의 임무를 수행하는 제일 급의 외교 사절
210,夏,春夏秋冬,춘하추동,"봄, 여름, 가을, 겨울의 네 철을 아울러 이르는 말"
211,夏,夏季,하계,여름의 시기
212,夏,夏節,하절,계절이 여름인 때
213,夏,夏芽,하아,여름에 생겨 겨울을 지나지 않고 그해 안에 터서 자라는 눈
214,夏,夏至,하지,일 년 중 낮이 가장 길고 밤이 가장 짧다는 날
215,利,利益,이익,"정신적, 물질적으로 이롭고 보탬이 되는 일"
216,利,勝利,승리,겨루거나 싸워서 이김
217,利,金利,금리,금융 기관에서 빌려준 돈이나 예금 따위에 대한 이율
218,利,利用,이용,무엇을 필요에 따라 이롭게 씀
219,利,利子,이자,남에게 돈을 빌려 쓴 대가로 치르는 일정한 비율의 돈
220,九,九十,구십,‘십’의 아홉 배가 되는 수
221,九,九泉,구천,"땅속 깊은 밑바닥이란 뜻으로, 죽은 뒤에 넋이 돌아가는 곳을 이르는 말"
222,九,九曜,구요,"풍수지리설에서, 오성의 형체가 뚜렷하지 못하고 본래의 형식에서 벗어난 것을 이르는 말"
223,九,九尾狐,구미호,"우리나라와 중국의 구전 동화에 나오는, 꼬리가 아홉이나 된다는 천년 묵은 여우"
224,九,十中八九,십중팔구,"열 가운데 여덟이나 아홉이 그렇다는 뜻으로, 거의 예외 없이 대개가 그러함"
225,的,物理的,물리적,구체적인 형태를 가지고 존재하는 대상과 관련이 있는 것
226,的,排他的,배타적,한 개인이나 집단의 입장에 서서 그 외의 사람이나 집단을 제외하거나 배척하는 것
227,的,內的,내적,어떤 사물이나 현상의 내부에 관한
228,的,歷史的,역사적,인류 사회의 발전과 관련된 의미 있는 과거 사실들에 대한 인식이나 기록과 관련된 것
229,的,民族的,민족적,민족과 관련이 있는
230,西,東西,동서,동쪽과 서쪽을 아울러 이르는 말
231,西,西歐的,서구적,유럽과 북아메리카에 있는 나라들의 모습을 닮거나 그런 특징을 지닌 것
232,西,西洋,서양,동양에 대하여 유럽 대륙과 북아메리카의 여러 나라를 이르는 말
233,西,西部,서부,서쪽 부분
234,西,西洋人,서양인,서양 여러 나라의 사람
235,聞,新聞,신문,세상에서 일어나는 새로운 사건이나 사실을 알리고 해설하는 정기 간행물
236,聞,後聞,후문,어떤 일이 끝난 뒤에 그 일에 관하여 들리는 소문
237,聞,風聞,풍문,바람결에 떠도는 소문
238,聞,所聞,소문,여러 사람의 입에 오르내리며 세상에 떠도는 소식
239,聞,新聞社,신문사,신문을 편집하여 발행하는 회사
240,不,不安,불안,걱정이 되어 마음이 편하지 않음
241,不,不滿,불만,만족스럽지 않아 언짢거나 불쾌함
242,不,不法,불법,법에 위반됨
243,不,不便,불편,어떤 일을 하거나 무엇을 이용하기가 쉽지 않고 번거로움
244,不,不幸,불행,상황이 좋지 않음
245,養,供養,공양,부처 앞에 음식물이나 재물 등을 바침
246,養,養成,양성,가르쳐서 유능한 사람을 키워 냄
247,養,營養,영양,"생물이 몸밖으로부터 양분을 받아들여 생명과 생활 기능을 유지하고 몸을 성장, 발육시키는 작용"
248,養,營養分,영양분,영양이 되는 성분
249,養,敎養,교양,"지식, 정서, 도덕 등을 바탕으로 길러진 고상하고 원만한 품성"
250,費,浪費,낭비,재물이나 시간 따위를 아껴 쓰지 않고 헛되이 헤프게 씀
251,費,經費,경비,어떤 일을 하는 데 쓰이는 비용
252,費,消費,소비,인간이 욕망의 충족을 위하여 재화를 소모하는 일
253,費,費用,비용,물건을 사거나 어떤 일을 하는 데 드는 돈
254,費,消費者,소비자,물건을 사거나 쓰는 사람
255,打,打撲傷,타박상,무엇에 맞거나 부딪쳐서 생긴 상처
256,打,打倒,타도,어떤 세력이나 대상을 쳐서 쓰러뜨리거나 거꾸러뜨림
257,打,打擊,타격,부정적 영향으로 인해 밑지는 일
258,打,毆打,구타,사람이나 짐승을 함부로 치고 때림
259,打,打字機,타자기,"손가락으로 자모와 부호, 숫자 따위가 쓰여 있는 키를 눌러 종이 위에 글자를 찍는 기계"
260,農,農夫,농부,농사를 짓는 사람
261,農,農事,농사,논이나 밭에 씨를 뿌리고 가꾸어 거두는 등의 농작물 재배 과정을 통틀어 이르는 말
262,農,農業,농업,토지를 이용하여 인간에게 유용한 동식물을 길러 생산물을 얻어내는 산업
263,農,農家,농가,농업으로 생계를 꾸려 가는 가정
264,農,農民,농민,농사를 생업으로 하는 사람
265,弱,弱點,약점,모자라거나 부족해서 남에게 뒤떨어지는 점
266,弱,弱勢,약세,시세가 하락하는 경향에 있는 것
267,弱,弱者,약자,힘이나 세력이 약한 사람이나 생물
268,弱,弱化,약화,힘이나 세력 따위가 더 작고 약하게 됨
269,弱,弱小國,약소국,"정치적, 외교적, 경제적, 군사적으로 그 힘이 약한 나라"
270,願,所願,소원,바라고 원함
271,願,念願,염원,마음속 깊이 생각하고 간절히 바람
272,願,請願,청원,"국민이 정부나 시청, 구청 등의 행정 기관에 어떤 행정 처리를 요구하는 일"
273,願,民願,민원,"국민이 정부나 시청, 구청 등의 행정 기관에 어떤 행정 처리를 요구하는 일"
274,願,願書,원서,지원하거나 청원하는 내용을 적은 서류
275,線,路線,노선,"개인이나 조직, 단체 따위가 일정한 목표를 향하여 나아가기 위해 따르는 활동 방침"
276,線,視線,시선,눈이 가는 방향
277,線,一線,일선,어떠한 분야나 계통에서 직접 일을 다루거나 처리하는 위치
278,線,戰線,전선,"전쟁에서, 직접 전투가 벌어지는 지역이나 그런 지역을 가상적으로 연결한 선"
279,線,直線,직선,곧은 선
280,廣,廣域,광역,넓은 구역이나 범위
281,廣,廣告,광고,"판매를 목적으로, 상품에 대한 정보를 여러 가지 매체를 통하여 소비자에게 널리 알리는 의도적인 활동"
282,廣,廣告費,광고비,상품 등의 판매나 홍보를 위해 여러 매체 따위를 통해 널리 알리는 데 드는 비용
283,廣,廣告主,광고주,광고를 내는 사람
284,廣,廣場,광장,공공의 목적을 위하여 여러 갈래의 길이 모일 수 있도록 넓게 만들어 놓은 마당
285,望,希望,희망,앞일에 대하여 좋은 결과를 기대함
286,望,所望,소망,바라고 원함
287,望,展望,전망,멀리 바라봄
288,望,欲望,욕망,무엇을 가지거나 하고자 간절하게 바람
289,望,失望,실망,일이 바라는 대로 되지 않거나 기대에 어긋나서 마음이 상함
290,最,最善,최선,가장 좋고 훌륭함
291,最,最初,최초,맨 처음
292,最,最近,최근,지나간 지 얼마 안 된 즈음
293,最,最高,최고,정도나 수치 따위가 가장 높음
294,最,最大,최대,"수나 양, 정도 따위가 가장 큼"
295,夫,夫婦,부부,결혼한 한 쌍의 남녀
296,夫,工夫,공부,학문이나 기술 등을 배우고 익힘
297,夫,農夫,농부,농사를 짓는 사람
298,夫,夫人,부인,남의 아내를 높여 이르는 말
299,夫,人夫,인부,공사장이나 작업장에 고용되어 품삯을 받고 일하는 사람
300,具,具現,구현,어떤 사실이나 현상 따위가 구체적인 모습으로 뚜렷이 나타남
301,具,器具,기구,"세간이나 연장, 또는 조작이 간단한 기계나 도구"
302,具,具體的,구체적,사물이나 현상이 일정한 모습을 갖추고 있는 것
303,具,道具,도구,어떤 일을 할 때 쓰는 연장을 통틀어 이르는 말
304,具,家具,가구,"가정집에서, 집안 살림에 쓰이는 기구"
305,情,情緖,정서,사람의 마음에 일어나는 여러 가지 감정
306,情,心情,심정,사람의 내면으로부터 일어나는 감정이나 심리
307,情,表情,표정,얼굴에 드러나는 여러 가지 마음속의 심리와 감정의 모습
308,情,感情,감정,"어떤 일이나 현상, 사물에 대하여 느끼어 나타나는 심정이나 기분"
309,情,事情,사정,일의 형편이나 그렇게 된 까닭
310,植,移植,이식,살아 있는 조직이나 장기를 몸의 다른 부분이나 또는 다른 몸에 옮겨 붙이는 일
311,植,動植物,동식물,동물과 식물을 아울러 이르는 말
312,植,植物,식물,생물 중에서 동물과 구별되는 한 일군
313,植,植民,식민,"어떤 나라가 국민을 본국 밖의 미개발 지역이나 본국과 정치적 종속 관계에 있는 나라로 이주, 정착하게 하여 토지의 이용 등 경제적 개발과 정치적 지배를 행하게 함"
314,植,植民地,식민지,"정치, 경제, 군사, 문화적으로 다른 나라에 예속되어 독립 국가로서의 자주적인 주권을 갖고 있지 않은 나라"
315,惡,惡魔,악마,사람에게 재앙을 내리거나 나쁜 길로 유혹하는 마귀
316,惡,最惡,최악,가장 심하게 나쁨
317,惡,惡夢,악몽,생각하기도 싫을만큼 괴롭고 힘겨운 일을 비유적으로 이르는 말
318,惡,惡化,악화,어떤 일이나 관계가 나쁘게 변함
319,惡,罪惡,죄악,죄가 될 만한 악
320,孫,宗孫,종손,종가의 대를 이을 자손
321,孫,子孫,자손,자식과 손자
322,孫,後孫,후손,여러 대가 지난 뒤의 자손
323,孫,孫子,손자,자녀의 아들
324,孫,孫女,손녀,아들이나 딸의 딸
325,市,都市,도시,"많은 인구가 모여 살며 일정 지역의 정치, 경제, 문화의 중심이 되는 곳"
326,市,市民,시민,시에 사는 사람
327,市,市場,시장,물건의 거래가 이루어지는 일정한 장소
328,市,市內,시내,도시의 중심가
329,市,市中,시중,사람들이 많이 오가며 일상적으로 생활하거나 활동하는 곳
330,消,消費,소비,인간이 욕망의 충족을 위하여 재화를 소모하는 일
331,消,消息,소식,사람의 안부나 일의 형세 따위를 알리는 말이나 글
332,消,消極的,소극적,자진하여 나아가려는 태도나 마음가짐이 부족하고 활동적이 아닌 것
333,消,消化,소화,섭취한 음식물을 분해하여 영양분을 흡수하기 쉬운 형태로 변화시키는 작용
334,消,消費者,소비자,물건을 사거나 쓰는 사람
335,念,槪念,개념,하나의 사물을 나타내는 여러 관념 속에서 공통적이고 일반적인 요소를 추출하고 종합하여 얻은 관념
336,念,念頭,염두,마음의 속
337,念,觀念,관념,어떤 사물이나 현상에 관한 견해나 생각
338,念,理念,이념,"한 시대나 사회 또는 계급에 독특하게 나타나는 관념, 믿음, 주의 따위를 통틀어 이르는 말"
339,念,信念,신념,어떤 사상이나 생각을 굳게 믿으며 그것을 실현하려는 의지
340,自,自然,자연,사람의 힘을 더하지 않은 저절로 된 그대로의 현상
341,自,自己,자기,당사자 자신
342,自,自身,자신,"일부 대명사나 사람 명사의 뒤에서 ‘~ 자신’의 구성으로 쓰여, 바로 앞에 가리킨 그 사람임을 강조하여 이르는 말"
343,自,自體,자체,"명사 뒤에 쓰여, 바로 그 자신이나 그 본래의 바탕을 나타내는 말"
344,自,自然的,자연적,인간이나 다른 주체에 의해 어떤 작용이 가해지지 않은 자연 상태 그대로인 것
345,鼻,阿鼻叫喚,아비규환,여러 사람이 참혹한 지경에 빠져 고통받고 울부짖는 상황을 비유적으로 이르는 말
346,鼻,鼻炎,비염,콧속의 점막에 생기는 염증을 통틀어 이르는 말
347,鼻,耳目口鼻,이목구비,"귀, 눈, 입, 코를 아울러 이르는 말"
348,鼻,鼻腔,비강,콧구멍에서 목젖 윗부분에 이르는 코안의 빈 곳
349,鼻,鼻祖,비조,어떤 일을 가장 먼저 시작한 사람
350,熱,情熱,정열,가슴속에서 일어나는 열렬한 감정
351,熱,過熱,과열,지나치게 활기를 띰
352,熱,熱望,열망,열렬히 바람
353,熱,熱氣,열기,흥분해서 달아오른 분위기나 상황
354,熱,熱情,열정,어떤 일에 열렬한 애정을 가지고 열중하는 마음
355,臣,使臣,사신,"예전에, 나라의 명을 받고 외국에 파견되던 신하"
356,臣,臣民,신민,군주국에서 왕이나 군주를 제외한 신하와 백성을 아울러 이르는 말
357,臣,忠臣,충신,나라와 임금을 위하여 충성을 다하는 신하
358,臣,臣下,신하,임금을 섬기어 벼슬하는 사람
359,臣,功臣,공신,나라를 위해 공을 세운 신하
360,方,方針,방침,앞으로 일을 처리해 나갈 방향이나 계획
361,方,方向,방향,어떤 곳을 향한 쪽
362,方,地方,지방,한 나라의 수도 이외의 지역
363,方,方法,방법,목적을 달성하기 위해 취하는 방식이나 수단
364,方,四方,사방,모든 곳 또는 여러 곳을 비유적으로 이르는 말
365,水,水泳,수영,물속에서 헤엄침
366,水,洪水,홍수,비가 많이 와서 강이나 개천에 갑자기 크게 불어난 물
367,水,水分,수분,물의 축축한 기운
368,水,水質,수질,"물의 오염도나 성분, 빛깔, 맛 등의 성질"
369,水,水準,수준,사물의 가치나 등급 따위의 일정한 표준이나 정도
370,金,料金,요금,대가로 치르는 돈
371,金,金利,금리,금융 기관에서 빌려준 돈이나 예금 따위에 대한 이율
372,金,資金,자금,사업을 경영하는 데 밑천이 되는 돈
373,金,黃金,황금,황색의 광택을 내는 금속의 한 가지
374,金,稅金,세금,국가나 지방 단체가 필요한 경비를 충당하기 위해서 국민으로부터 거두어들이는 돈
375,草,草綠色,초록색,푸른 빛깔과 누른 빛깔의 중간색
376,草,雜草,잡초,가꾸지 않아도 저절로 나서 자라는 여러 가지 풀
377,草,草案,초안,기초로 안을 잡음
378,草,藥草,약초,약으로 쓰는 식물
379,草,花草,화초,꽃이 피는 풀과 나무
380,課,課稅,과세,세금을 매김
381,課,課題,과제,부과된 일
382,課,課外,과외,학교의 정규 수업 외에 행하는 배움이나 가르침
383,課,課長,과장,회사나 관청 따위에서 과를 단위로 하는 부서의 책임자
384,課,課業,과업,꼭 해야 할 일이나 임무
385,油,石油,석유,천연으로 지하에서 솟아나며 탄화수소를 주성분으로 하는 혼합물
386,油,油價,유가,"원유나 석유, 경유, 휘발유 등의 판매 가격"
387,油,原油,원유,땅속이나 바닷속에 묻혀 있는 천연 그대로의 석유
388,油,油印物,유인물,등사한 인쇄물
389,油,輕油,경유,원유를 상압으로 증류할 때 등유 다음으로 얻어지는 기름
390,校,校長,교장,"초등학교, 중학교, 고등학교 따위의 각 학교의 교무를 통괄하고 교직원을 감독하는 최고의 직책"
391,校,高等學校,고등학교,중학교를 마친 사람에게 고등 보통 교육과 실업 교육을 실시하는 학교
392,校,學校,학교,"일정한 목적, 설비, 제도 및 법규에 의거하여, 교사가 계속적으로 학생에게 교육을 실시하는 기관"
393,校,本校,본교,분교에 대하여 중심이 되는 학교
394,校,高校,고교,중학교 졸업자 또는 그 자격을 갖춘 자를 대상으로 고등 보통 교육이나 전문 교육을 실시하는 학교
395,交,交換,교환,서로 주고받음
396,交,交流,교류,"여러 분야에서 이룩된 문화나 사상 따위의 성과나 경험 등을 나라, 지역, 개인 간에 서로 주고받음"
397,交,交通,교통,"자동차, 기차, 비행기 등의 탈것을 이용하여 사람이나 짐이 한 지역에서 다른 지역으로 이동하는 일"
398,交,交戰,교전,서로 병력을 가지고 전쟁을 함
399,交,外交,외교,자기 나라의 대외 정책을 실현하고 나라 사이에 생기는 일을 처리하기 위하여 다른 나라와 관계를 맺는 일
400,德,德分,덕분,"주로 ‘~에’, ‘~로’, ‘~이다’의 꼴로 쓰여, 베풀어 준 은혜나 도움"
401,德,德目,덕목,타고난 천성으로 간주하여 추구하고 실천해야 할 가치 항목
402,德,道德的,도덕적,인간이 지켜야 할 도리나 바람직한 행동 규범과 관련된
403,德,美德,미덕,도덕적으로 바르고 아름다운 일
404,德,道德,도덕,인간이 지켜야 할 도리나 바람직한 행동 규범
405,親,親舊,친구,오래도록 친하게 사귀어 온 사람
406,親,父親,부친,‘아버지’를 정중히 이르는 말
407,親,親戚,친척,자기의 혈족이나 혼인 관계를 통해 혈연적으로 관계가 있는 일정한 범위의 사람들
408,親,親族,친족,촌수가 가까운 일가
409,親,親日,친일,"일제 강점기, 일제와 야합하여 그들의 침략과 약탈 정책을 지지하거나 옹호하여 추종함"
410,訓,訓鍊,훈련,재주나 기예 따위를 배우거나 익히기 위해 되풀이하여 연습함
411,訓,訓戒,훈계,잘못하지 않도록 타일러 주의시킴
412,訓,敎訓,교훈,앞으로의 행동이나 생활에 도움이 되거나 참고할 만한 경험적 사실
413,訓,敎訓的,교훈적,행동이나 생활에 도움이 되는 가르침이 될 만한 것
414,訓,訓長,훈장,글방의 선생
415,火,火災,화재,불이 나는 재앙
416,火,成火,성화,매우 귀찮게 졸라 댐
417,火,火山,화산,"땅속의 마그마와 암석, 가스 따위가 지상으로 뿜어져 나오는 현상"
418,火,火力,화력,총포 따위와 같은 무기의 위력
419,火,火藥,화약,"열이나 전기, 충격 따위의 가벼운 자극에 의하여 급격한 화학 변화를 일으켜 원래의 체적에 비하여 많은 가스와 열을 발생시키면서 폭발하는 물질"
420,子,子息,자식,"부모가 낳은 아이를, 그 부모에 상대하여 이르는 말"
421,子,子女,자녀,아들과 딸을 아울러 이르는 말
422,子,箱子,상자,물건 따위를 넣어 두기 위하여 나무나 대 또는 두꺼운 종이 등으로 만든 네모난 통
423,子,利子,이자,남에게 돈을 빌려 쓴 대가로 치르는 일정한 비율의 돈
424,子,男子,남자,남성의 성을 지닌 사람
425,內,內的,내적,어떤 사물이나 현상의 내부에 관한
426,內,內容,내용,말 또는 글의 기본 줄거리나 담겨진 사상
427,內,內外,내외,"수량을 나타내는 말 뒤에 쓰여, 그것에 약간 넘거나 덜함을 나타내는 말"
428,內,內面,내면,"세계 혹은 인간의 물리적인 실체를 외부로 보고, 그에 대하여 밖으로 나타내지지 않은 추상적인 속 부분을 이르는 말"
429,內,內部,내부,물건이나 공간의 안쪽 부분
430,生,生活,생활,생명이 있는 동안 살아서 경험하고 활동함
431,生,生命,생명,유기체가 태어나서 죽을 때까지의 살아 있는 상태
432,生,人生,인생,사람이 세상을 살아가는 일
433,生,再生,재생,낡거나 버리게 된 물건을 가공하여 다시 쓸 수 있게 만듦
434,生,先生,선생,학생을 가르치는 사람을 두루 이르는 말
435,同,同時,동시,같은 때
436,同,同意,동의,다른 사람의 행위를 승인하거나 시인함
437,同,共同,공동,둘 이상의 사람이나 단체가 힘을 합하여 일을 같이함
438,同,同一,동일,어떤 것과 구별됨이 없이 똑같음
439,同,同生,동생,같은 부모에게서 태어난 자식 가운데 나이가 적은 사람
440,賞,鑑賞,감상,예술 작품이나 경치 따위를 즐기고 이해하면서 평가함
441,賞,受賞,수상,상을 받음
442,賞,賞金,상금,선행이나 업적을 격려하기 위하여 주는 돈
443,賞,大賞,대상,"대회나 경쟁 따위에서 가장 우수한 제품이나 사람, 단체에게 주는 상"
444,賞,文學賞,문학상,우수한 문학 작품을 썼거나 문학 분야에서 두각을 나타낸 사람에게 주는 상
445,才,才幹,재간,일을 잘 해내는 능력이나 솜씨
446,才,才致,재치,"어떤 상황에서 일을 눈치 빠르게, 능숙하게 그리고 슬기롭게 처리하는 솜씨"
447,才,才能,재능,재주와 능력을 아울러 이르는 말
448,才,人才,인재,재주와 능력이 뛰어난 사람
449,才,天才,천재,선천적으로 보통 사람보다 아주 뛰어난 정신 능력이나 재주
450,衣,衣類,의류,옷에 속한 것들을 통틀어 이르는 말
451,衣,衣服,의복,몸을 싸서 가리기 위하여 천이나 가죽 따위로 만들어 입는 물건
452,衣,衣裳,의상,"주로 특정한 용도나 시간적, 공간적 구분의 개념을 전제로, ‘옷가지’를 이르는 말"
453,衣,內衣,내의,보온이나 피부의 보호를 위해 겉옷의 속에 받쳐 입는 옷
454,衣,上衣,상의,위에 입는 옷
455,食,穀食,곡식,"양식이 되는 쌀, 보리, 콩, 밀, 조, 기장 따위를 통틀어 이르는 말"
456,食,飮食,음식,사람이 먹고 마실 수 있도록 만든 모든 것
457,食,食堂,식당,음식 따위를 만들어 파는 가게
458,食,食事,식사,"아침이나 점심, 저녁과 같이 일정한 시간에 음식을 먹음"
459,食,食口,식구,같은 집에서 살며 끼니를 함께 하는 사람
460,商,商標,상표,"사업자가 자신의 상품을 다른 상품과 구별하거나 그 고유성을 나타내기 위해서 드러내는 기호나 문자, 도형 따위의 표지"
461,商,協商,협상,입장이 서로 다른 양자 또는 다자가 무엇을 타결하기 위해 협의함
462,商,商品,상품,사고파는 물건이나 재화
463,商,商店,상점,일정한 시설을 갖추고 물건을 파는 곳
464,商,商人,상인,장사하는 사람
465,共,共感,공감,"남의 주장이나 감정, 생각 따위에 찬성하여 자기도 그렇다고 느낌"
466,共,共通,공통,둘 이상 사이에서 두루 해당되고 관계됨
467,共,共同,공동,둘 이상의 사람이나 단체가 힘을 합하여 일을 같이함
468,共,共存,공존,서로 도와서 함께 존재함
469,共,共同體,공동체,"운명이나 생활, 목적 등을 같이하는 두 사람 이상의 조직체"
470,服,服飾,복식,옷의 꾸밈새
471,服,克服,극복,어렵고 힘들거나 바람직하지 않은 상태나 상황 따위를 노력으로 없애거나 좋아지게 함
472,服,征服,정복,무력으로 쳐서 정벌하여 복종을 하게 함
473,服,洋服,양복,남성의 서양식 정장
474,服,衣服,의복,몸을 싸서 가리기 위하여 천이나 가죽 따위로 만들어 입는 물건
475,式,株式,주식,주주의 출자에 대해 교부하는 유가 증권
476,式,樣式,양식,겉으로 드러나 있는 일정한 모양이나 형식
477,式,公式,공식,국가나 사회에 의해 공적으로 인정된 형식이나 방식
478,式,形式,형식,겉으로 나타나는 모양이나 격식
479,式,方式,방식,일정한 형식이나 방법
480,識,認識,인식,사물을 분별하고 판단하여 아는 일
481,識,意識,의식,깨어 있는 상태에서 자기 자신이나 사물에 대하여 인식하는 작용
482,識,常識,상식,일반적인 사람이 다 가지고 있거나 가지고 있어야 할 지식이나 판단력
483,識,知識,지식,"교육이나 경험, 또는 연구를 통해 얻은 체계화된 인식의 총체"
484,識,意識的,의식적,어떤 대상에 대하여 올바르고 제대로 된 인식이나 판단을 가지고 일부러 하는 것
485,席,坐席,좌석,앉을 수 있게 마련한 자리
486,席,首席,수석,석차 따위에서 제일 으뜸
487,席,議席,의석,"의회 등에서, 한 당이 차지하는 의원의 수효"
488,席,參席,참석,모임이나 자리에 참여함
489,席,主席,주석,"일부 국가에서, 국가나 정부, 정당 등을 대표하는 최고 직위"
490,魚,魚缸,어항,금붕어 따위의 관상용 물고기를 기르는 데 쓰는 유리 항아리
491,魚,北魚,북어,말린 명태
492,魚,魚類,어류,척추동물 어상강에 속한 동물을 통틀어 이르는 말
493,魚,鰱魚,연어,연어과에 속한 바닷물고기
494,魚,魚種,어종,물고기의 종류
495,神,神話,신화,"어떤 신격을 중심으로 한, 하나의 전승적인 설화"
496,神,精神,정신,영혼이나 마음
497,神,神經,신경,어떤 자극에 반응하는 마음이나 감각의 작용
498,神,鬼神,귀신,죽은 사람의 넋
499,神,精神的,정신적,정신에 속하거나 관계되는
500,責,責任,책임,맡아서 행해야 할 의무나 임무
501,責,職責,직책,직무상의 책임
502,責,罪責感,죄책감,저지른 잘못이나 죄에 대하여 책임을 느끼거나 자책하는 마음
503,責,責任者,책임자,어떤 일에 대하여 책임을 지는 사람
504,責,責任感,책임감,책임을 중히 여기는 마음
505,空,空氣,공기,지구를 둘러싼 대기의 하층 부분을 구성하는 무색투명하고 냄새가 없는 여러 가지 기체의 혼합물
506,空,虛空,허공,텅 빈 공중
507,空,空港,공항,승객이나 화물을 수송하기 위하여 비행기가 이륙 및 착륙을 할 수 있도록 시설을 갖춘 곳
508,空,空中,공중,하늘과 땅 사이의 빈 곳
509,空,空間,공간,아무것도 없는 빈 곳
510,宅,媤宅,시댁,‘시집3’을 높여 이르는 말
511,宅,邸宅,저택,규모가 아주 큰 집
512,宅,宅地,택지,집을 짓기 위해 마련된 땅
513,宅,住宅,주택,사람이 살 수 있도록 지은 집
514,宅,自宅,자택,자기 자신의 집
515,兄,兄弟,형제,형과 아우
516,兄,兄嫂,형수,형의 아내
517,兄,兄夫,형부,언니의 남편
518,兄,學父兄,학부형,"학생의 아버지나 형이라는 뜻으로, 학생의 보호자를 이르는 말"
519,兄,老兄,노형,그다지 가깝지 않은 사이에 예의를 갖추어 가리키거나 부르는 말
520,發,發展,발전,사물이 보다 낫고 더 좋은 상태로 나아감
521,發,發達,발달,신체나 지능 따위가 성장하여 제 모양을 갖추거나 성숙함
522,發,開發,개발,새로운 것을 연구하여 만들어 냄
523,發,發生,발생,어떤 대상이나 현상이 새로 생겨남
524,發,出發,출발,일을 시작해 나감
525,童,童謠,동요,어린아이들의 감정이나 생각을 담아서 표현한 문학 장르의 하나
526,童,童話,동화,"동심을 바탕으로 하여, 어린이를 위해 쓴 산문 문학의 한 갈래"
527,童,兒童,아동,유치원에 다닐 나이에서 12~13세까지의 어린아이
528,童,牧童,목동,가축에게 풀을 먹이며 돌보는 아이
529,童,童心,동심,어린아이의 마음
530,科,科學,과학,사물의 현상에 관한 보편적 원리 및 법칙을 알아내고 해명하는 것을 목적으로 하는 지식 체계나 학문
531,科,科學的,과학적,사물의 현상에 관한 보편적 원리 및 법칙을 알아내고 해명하는 것을 목적으로 하는 학문에 근거한
532,科,科學者,과학자,과학을 전문적으로 연구하는 사람
533,科,科目,과목,지식의 각 분야를 세분한 교과 영역
534,科,敎科書,교과서,초중고교에서 정규 과목의 주교재로 쓰는 책
535,景,景致,경치,눈에 보이는 자연과 세상 풍경의 모습
536,景,背景,배경,"어떠한 사물이나 사건, 생각 등의 배후에 숨겨진 사정"
537,景,風景,풍경,감상의 대상이 되는 자연이나 세상의 모습
538,景,光景,광경,벌어진 일의 상태와 모양
539,景,景氣,경기,매매나 거래 따위에 나타난 경제 활동의 상황
540,用,使用,사용,사물을 필요로 하거나 소용이 되는 곳에 씀
541,用,作用,작용,어떤 현상이나 운동을 일으킴
542,用,專用,전용,남과 같이 쓰지 않고 혼자서만 쓰거나 한 가지 목적으로만 씀
543,用,費用,비용,물건을 사거나 어떤 일을 하는 데 드는 돈
544,用,利用,이용,무엇을 필요에 따라 이롭게 씀
545,仙,仙境,선경,신선이 산다는 곳
546,仙,仙人掌,선인장,선인장과에 속한 여러해살이풀
547,仙,神仙,신선,중국의 신선 사상과 도교에서 이상으로 여기는 인간
548,仙,仙人,선인,도를 닦아서 인간 세상을 떠나 자연과 벗하여 늙지 않고 오래 산다는 사람
549,仙,仙女,선녀,선경에 사는 여자 신선
550,體,體系,체계,각각의 것이 일정한 원리에 따라 계통적으로 결합된 조직
551,體,全體,전체,여러 요소들로 이루어진 것의 온 덩어리
552,體,解體,해체,단체나 조직 등을 흩어지게 하거나 없어지게 함
553,體,具體的,구체적,사물이나 현상이 일정한 모습을 갖추고 있는 것
554,體,自體,자체,"명사 뒤에 쓰여, 바로 그 자신이나 그 본래의 바탕을 나타내는 말"
555,園,幼稚園,유치원,초등학교에 들어가기 전의 어린이들을 대상으로 하는 보육 기관
556,園,庭園,정원,집안의 뜰이나 꽃밭
557,園,公園,공원,"공공녹지의 하나로, 여러 사람들이 쉬거나 가벼운 운동 혹은 놀이를 즐길 수 있도록 마련된 정원이나 동산"
558,園,樂園,낙원,아무런 걱정이나 부족함이 없이 편안하고 즐겁게 살 수 있는 곳
559,園,國立公園,국립 공원,"자연 풍경이 뛰어난 곳을 국가가 지정하여 유지, 관리하는 공원"
560,陸,陸地,육지,지구에서 바다와 강 등 물이 있는 곳을 제외한 부분
561,陸,大陸,대륙,바다로 둘러싸인 지구상의 커다란 육지
562,陸,陸上,육상,"달리기, 뛰기, 던지기를 기본으로 하는 땅 위에서의 운동 경기를 통틀어 이르는 말"
563,陸,上陸,상륙,배에서 내려 육지로 오름
564,陸,內陸,내륙,바다에서 멀리 떨어져 있는 육지
565,卓,卓子,탁자,물건을 올려놓도록 상 모양으로 만든 가구를 통틀어 이르는 말
566,卓,卓球,탁구,나무로 된 대의 가운데에 네트를 치고 라켓으로 공을 쳐 넘겨 승부를 겨루는 경기
567,卓,圓卓,원탁,둥근 탁자
568,卓,食卓,식탁,음식을 차려놓고 먹는 큰 탁자
569,卓,敎卓,교탁,수업이나 강의를 할 때에 책이나 출석부 따위를 올려놓기 위하여 교단의 위나 앞에 놓은 탁자
570,晝,不撤晝夜,불철주야,어떤 일을 함에 있어 밤낮을 가리지 않음
571,晝,晝耕夜讀,주경야독,"낮에는 농사를 짓고 밤에는 글을 읽는다는 뜻으로, 바쁘고 어려운 중에도 꿋꿋이 공부함을 이르는 말"
572,晝,晝夜,주야,낮과 밤을 아울러 이르는 말
573,晝,晝間,주간,낮 동안
574,晝,白晝,백주,환하게 밝은 낮
575,案,案內,안내,어떤 사람을 가고자 하는 곳이나 만나고자 하는 사람에게 데려다 줌
576,案,方案,방안,어떤 문제를 해결하기 위한 방법이나 계획
577,案,代案,대안,어떤 안을 대신하거나 바꿀 만한 안
578,案,法案,법안,법률의 바탕이 되는 원안이나 초안
579,案,草案,초안,기초로 안을 잡음
580,土,土地,토지,"경지, 주택 등으로 사용하는 지면"
581,土,土器,토기,잿물을 올리지 않고 진흙으로 만들어 구운 그릇
582,土,風土,풍토,"어떤 일의 배경이 되는 환경이나 경향, 양상, 풍습, 제도 따위를 비유적으로 이르는 말"
583,土,土臺,토대,사물이나 사업의 밑바탕이 되는 기초나 밑천
584,土,國土,국토,나라의 영토
585,橋,橋梁,교량,물이나 어떤 공간 위로 사람이나 차량이 건너다닐 수 있도록 만든 시설물
586,橋,橋脚,교각,다리를 받치는 기둥
587,橋,橋頭堡,교두보,진출하기 위한 발판을 비유적으로 이르는 말
588,橋,鐵橋,철교,철도 선로를 깔기 위해 놓은 다리
589,橋,陸橋,육교,도로나 철로 위에 놓아 건너갈 수 있게 만든 다리
590,字,赤字,적자,수지 결산에서 수입보다 지출이 많음
591,字,日字,일자,특별하게 정한 어느 날
592,字,數字,숫자,수를 나타내는 글자
593,字,八字,팔자,사람의 타고난 운수나 분수
594,字,文字,문자,말을 눈으로 읽을 수 있게 나타낸 기호
595,思,思考,사고,무엇을 헤아리고 판단하고 궁리함
596,思,思想,사상,"사회, 정치, 인생 등에 대한 일정한 견해나 생각"
597,思,思春期,사춘기,"인간 발달 단계의 한 시기로, 신체적으로는 이차 성징이 나타나며 정신적으로는 자아의식이 높아지면서 심신 양면으로 성숙기에 접어드는 시기"
598,思,意思,의사,무엇을 하고자 하는 생각
599,思,思想的,사상적,"사회, 정치, 인생 등에 대한 일정한 견해나 생각과 관련된"
600,院,病院,병원,일정한 시설을 갖추고 병을 진찰하고 치료하는 곳
601,院,學院,학원,학교 설치 기준의 여러 조건을 갖추지 않은 사설 교육 기관
602,院,院長,원장,‘원3’ 자가 붙은 시설이나 기관의 책임자
603,院,法院,법원,국가의 사법권을 행사하는 기관
604,院,入院,입원,환자가 치료를 받거나 요양을 하기 위해서 일정 기간 동안 병원에 들어감
605,節,季節,계절,일 년을 기후 현상의 차이에 따라 나눈 한 철
606,節,節次,절차,일을 하는 데 거쳐야 하는 일정한 차례와 방법
607,節,句節,구절,한 토막의 말이나 글
608,節,時節,시절,일정한 시기나 때
609,節,名節,명절,전통적으로 그 사회의 대부분의 사람들이 해마다 즐기고 기념하는 날
610,本,本來,본래,어떤 사물이 전하여 내려온 그 처음
611,本,基本,기본,"어떤 것을 이루기 위해 가장 먼저, 또는 꼭 있어야 하는 것"
612,本,本人,본인,어떤 일의 주체인 그 사람
613,本,本能,본능,학습이나 경험에 의하지 않고 동물이 세상에 태어나면서부터 이미 갖추고 있는 행동 양식이나 능력
614,本,本社,본사,본부가 있는 회사를 지사에 상대하여 이르는 말
615,注,注意,주의,마음에 새겨 두고 조심함
616,注,注射,주사,액으로 된 약을 주사기에 넣어 생물체의 조직이나 혈관 속에 직접 주입함
617,注,注文,주문,어떤 일에 대해 일정한 방식으로 해 줄 것을 요구함
618,注,注目,주목,관심을 가지고 주의하여 보거나 살핌
619,注,注入,주입,어떠한 사상이나 지식 따위를 능동적으로 깨우칠 수 있도록 계발시켜 주는 대신에 남에게 일방적으로 불어넣거나 기계적으로 외우게 함
620,集,蒐集,수집,취미나 연구를 위하여 여러 가지 물건이나 자료를 애써서 찾아 모음
621,集,集團,집단,일정한 역할을 가지고 여럿이 한데 모여 떼를 이룬 무리나 모임
622,集,詩集,시집,시를 모아 한데 엮은 책
623,集,集中,집중,한곳으로 모임
624,集,集團的,집단적,일정한 역할을 가지고 여럿이 한데 모여 떼를 이룬
625,勝,勝負,승부,이김과 짐
626,勝,優勝,우승,경기나 경주 따위에서 이겨 첫째가 됨
627,勝,決勝,결승,"운동 경기 따위에서, 마지막으로 승부를 가리기 위한 경기"
628,勝,勝利,승리,겨루거나 싸워서 이김
629,勝,勝者,승자,경기나 싸움에서 이긴 사람
630,數,多數,다수,많은 수
631,數,數學,수학,수와 양 및 공간의 성질에 관하여 연구하는 학문
632,數,數字,숫자,수를 나타내는 글자
633,數,複數,복수,둘 이상의 수
634,數,點數,점수,성적을 나타내는 숫자
635,足,不足,부족,일정한 정도나 양에 이르지 못함
636,足,充足,충족,"욕구나 기대, 조건 따위를 충분하게 채움"
637,足,發足,발족,어떤 조직이나 모임이 새로 만들어져 활동을 시작함
638,足,滿足,만족,모자람이 없이 마음에 흡족함
639,足,手足,수족,손과 발을 아울러 이르는 말
640,姓,姓氏,성씨,‘성6’을 높여 이르는 말
641,姓,百姓,백성,"예전에, 벼슬이 없는 상민을 이르던 말"
642,姓,姓名,성명,성과 이름을 아울러 이르는 말
643,姓,同姓,동성,성이 같음
644,姓,同姓同本,동성동본,성과 본관이 모두 같음
645,人,人間,인간,"직립 보행을 하며, 사고와 언어 능력을 바탕으로 문명과 사회를 이루고 사는 고등 동물"
646,人,主人,주인,어떤 대상에 대한 소유권을 가지고 있는 사람
647,人,人口,인구,한 나라 또는 일정 지역 안에 사는 사람의 총수
648,人,人生,인생,사람이 세상을 살아가는 일
649,人,人物,인물,‘사람’을 대상으로 여겨 이르는 말
650,質,姿質,자질,타고난 성품이나 소질
651,質,性質,성질,사물이나 현상이 본디부터 가지고 있는 고유의 본바탕
652,質,物質,물질,물체를 이루는 본바탕
653,質,物質的,물질적,경제적 가치를 지니는 재물이나 재산과 관련이 있는
654,質,體質,체질,사람의 타고난 몸의 성질
655,改,改革,개혁,제도나 기구 따위를 새롭게 뜯어고침
656,改,改編,개편,조직이나 기구 따위를 고쳐 편성함
657,改,改正案,개정안,고쳐서 바로잡은 안건
658,改,改正,개정,문서 따위의 내용을 고쳐 바르게 함
659,改,改善,개선,부족하거나 잘못된 것을 고치어 나아지게 함
660,第,第一,제일,여럿 가운데 으뜸으로
661,第,第一主義,제일주의,무슨 일에든지 첫째를 으뜸으로 여기거나 내세우는 주의나 경향
662,第,第三者,제삼자,어떤 사건이나 사물에 대하여 이해관계가 있는 당사자 이외의 사람
663,第,第三世界,제삼 세계,"제이 차 세계 대전 후, 아시아, 아프리카, 라틴 아메리카 따위의 개발 도상국을 이르는 말"
664,第,第三國,제삼국,직접적으로 이해관계가 있는 당사국이 아닌 다른 나라
665,老,老婆,노파,늙은 여자
666,老,老後,노후,늙은 뒤
667,老,老人,노인,나이가 많이 들어 늙은 사람
668,老,老化,노화,생물이나 그 기관 따위가 시간이 지남에 따라 성질이나 기능이 약하게 됨
669,老,老年,노년,나이가 들어 늙은 때
670,綠,綠色,녹색,청색과 황색의 중간색
671,綠,綠茶,녹차,발효시키지 않고 그대로 볶아 말린 차나무의 잎
672,綠,草綠,초록,풀과 같이 푸른 빛깔을 띠는 녹색
673,綠,綠地,녹지,"도시의 자연환경을 보전하거나 공해, 재해 따위를 방지하기 위하여 특별히 풀이나 나무를 계획적으로 심어 가꾸는 곳"
674,綠,草綠色,초록색,푸른 빛깔과 누른 빛깔의 중간색
675,洗,洗濯,세탁,때묻은 옷이나 가죽 따위를 물이나 약품 따위에 빠는 일
676,洗,洗劑,세제,물에 타서 고체의 표면에 붙은 더러운 물질을 씻어 내는 데 쓰는 물질
677,洗,洗手,세수,낯을 씻음
678,洗,洗濯機,세탁기,때묻은 옷이나 피륙 따위를 빠는 데 쓰는 기계
679,洗,洗禮,세례,한꺼번에 몰아치는 비난이나 공격 따위를 비유적으로 이르는 말
680,韓,韓藥,한약,한방에서 쓰는 약
681,韓,南韓,남한,"해방 후, 삼팔선 이남의 한국"
682,韓,韓國的,한국적,우리나라에 알맞고 고유한
683,韓,韓國人,한국인,한국 국적을 가진 사람
684,韓,北韓,북한,남북으로 분단된 대한민국의 휴전선 북쪽 지역을 가리키는 말
685,社,社會,사회,공동생활을 하는 사람들의 조직화된 집단이나 세계
686,社,會社,회사,"상행위나 영리를 목적으로, 상법에 근거하여 설립된 사단 법인"
687,社,社員,사원,회사에 고용되어 있는 종업원
688,社,社會的,사회적,공동생활을 하는 사람들의 조직화된 집단이나 세계와 관계된
689,社,本社,본사,본부가 있는 회사를 지사에 상대하여 이르는 말
690,重,重要,중요,소중하고 요긴함
691,重,體重,체중,몸의 무게
692,重,比重,비중,다른 사물과 비교되는 중요성의 정도
693,重,二重,이중,두 번 거듭되거나 겹침
694,重,重要性,중요성,사물이나 현상의 중요한 속성 또는 성질
695,賣,賣買,매매,물건을 팔고 삼
696,賣,競賣,경매,"어떤 물건을 사려는 사람이 여럿일 때, 값을 제일 높게 부른 사람에게 팖"
697,賣,賣却,매각,땅이나 주식 따위를 돈을 받고 남에게 넘김
698,賣,販賣,판매,값을 받고 상품을 팖
699,賣,賣場,매장,물건을 파는 곳
700,初,初盤,초반,일정한 시기나 일의 과정 따위를 몇 단계로 나누었을 때의 첫 부분
701,初,最初,최초,맨 처음
702,初,當初,당초,일의 맨 처음
703,初,原初的,원초적,사물이나 현상이 처음으로 시작되는 부분이 되는 것
704,初,初期,초기,어떤 기간의 처음이 되는 시기나 때
705,公,公演,공연,"공개된 자리에서 연극이나 영화, 무용, 음악 따위를 상연함"
706,公,公開,공개,어떤 사실을 여러 사람 앞에 널리 드러냄
707,公,公害,공해,"급속한 산업화에 따라 공장의 폐수, 자동차의 매연과 소음, 각종 쓰레기 등으로 자연환경이 오염되어 입는 인위적인 재해"
708,公,公式,공식,국가나 사회에 의해 공적으로 인정된 형식이나 방식
709,公,主人公,주인공,"소설, 연극, 영화 등에서의 사건을 이끌어 가는 중심인물"
710,死,生死,생사,삶과 죽음을 아울러 이르는 말
711,死,死亡,사망,사람의 목숨이 끊어짐
712,死,腦死,뇌사,뇌의 기능이 완전히 멈추어 회복 불능에 이른 상태
713,死,死亡者,사망자,죽은 사람
714,死,死亡率,사망률,"특정한 원인으로 인한 사망자 수와, 그 원인과 관련된 전체 사람 수와의 비율"
715,朴,朴僉知,박첨지,꼭두각시놀음의 주인공 인형
716,朴,素朴性,소박성,꾸밈이나 거짓이 없이 순수한 품성
717,朴,素朴,소박,꾸밈이나 거짓이 없이 수수함
718,朴,朴淵瀑布,박연 폭포,경기도 개풍군 영북면 천마산에 있는 폭포
719,朴,素朴美,소박미,꾸밈이 없이 수수한 아름다움
720,部,部位,부위,전체에 대하여 어떤 부분이 차지하는 위치
721,部,全部,전부,어떤 대상을 이루는 낱낱의 전체
722,部,內部,내부,물건이나 공간의 안쪽 부분
723,部,大部分,대부분,전체 수요나 분량에 거의 가까운 정도
724,部,部門,부문,일정한 기준에 따라 큰 범위에서 갈라놓은 낱낱의 부류나 영역
725,夕,夕刊,석간,매일 저녁때에 발행하는 신문
726,夕,朝夕,조석,아침과 저녁을 아울러 이르는 말
727,夕,夕陽,석양,해가 질 무렵의 해
728,夕,秋夕,추석,우리나라 명절의 하나
729,夕,夕曛,석훈,해가 진 뒤 완전히 어두워지기 전까지의 어스름
730,馬,馬車,마차,말이 끄는 수레
731,馬,競馬場,경마장,일정한 거리를 말을 타고 달려 빠르기를 겨루는 경기의 시행과 관람을 위한 시설을 갖춘 곳
732,馬,出馬,출마,선거 따위에 후보로 등록함
733,馬,白馬,백마,털빛이 흰 말
734,馬,競馬,경마,일정한 거리를 가장 빠르게 달릴 것이라고 예상되는 말에 돈을 걸어 내기를 하는 오락
735,省,省墓,성묘,조상의 산소를 찾아 인사를 하고 산소를 돌봄
736,省,省略,생략,전체에서 일부를 줄이거나 뺌
737,省,反省,반성,자기 언행에 대해 잘못이나 부족함이 없는지 돌이켜봄
738,省,省察,성찰,자신의 일을 반성하며 깊이 살핌
739,省,內省的,내성적,속마음이나 감정 따위를 겉으로 드러내지 않고 마음속으로만 생각하는 것
740,因,因緣,인연,"사람과 사람 사이의 연분 또는 사람이 상황이나 일, 사물과 맺어지는 관계"
741,因,因果,인과,원인과 결과
742,因,原因,원인,어떤 사물이나 상태보다 먼저 존재하여 그것을 발생시키거나 변화시키는 일이나 사건
743,因,要因,요인,중요한 원인
744,因,因果的,인과적,어떤 일이나 현상의 원인과 결과 관계를 따지는 것
745,太,太陽,태양,"태양계의 중심에 있으며, 지구를 비롯한 8개의 행성을 거느리고 있는 항성"
746,太,太極旗,태극기,우리나라의 국기
747,太,太初,태초,하늘과 땅이 맨 처음 생겨남
748,太,明太,명태,대구과에 속한 바닷물고기
749,太,太半,태반,절반을 훨씬 넘음
750,李,李花,이화,자두 꽃
751,李,鼠李,서리,갈매나뭇과에 속한 낙엽 관목
752,李,李朝,이조,"근세조선을, 임금의 성을 좇아 이씨 왕조 조선이라는 뜻으로 이르는 말"
753,李,鬱李,울리,산앵두나무의 열매
754,李,張三李四,장삼이사,"장씨의 셋째 아들과 이씨의 넷째 아들이라는 뜻으로, 이름이나 신분을 알 수 없는 평범한 사람들을 비유적으로 이르는 말"
755,路,路線,노선,"개인이나 조직, 단체 따위가 일정한 목표를 향하여 나아가기 위해 따르는 활동 방침"
756,路,航路,항로,선박이 정기적으로 지나다니는 해로
757,路,通路,통로,통하여 다닐 수 있도록 만들어진 길
758,路,道路,도로,사람이나 차 등이 다닐 수 있도록 땅 위에 만들어 놓은 길
759,路,經路,경로,일이나 사건이 진행되어 왔거나 진행되어 가는 과정
760,野,野黨,야당,"정당 정치 체제에서, 현재 정권을 잡고 있지 않은 정당"
761,野,視野,시야,시력이 미치어 볼 수 있는 범위
762,野,野外,야외,시가지에서 좀 떨어져 있는 들
763,野,在野,재야,야당의 입장에 있거나 제도권 정당에 속하지 않음
764,野,分野,분야,여러 갈래로 나누어진 범위나 부문
765,每,每週,매주,한 주 한 주의 모든 주
766,每,每事,매사,낱낱의 모든 일
767,每,每月,매월,각각의 모든 달
768,每,每日,매일,하루하루의 모든 날마다
769,每,每年,매년,한 해 한 해의 모든 해마다
770,平,平和,평화,전쟁이나 갈등이 없이 평온함
771,平,平素,평소,보통의 때나 여느 때
772,平,平生,평생,사람이 태어나서 죽을 때까지의 살아 있는 동안
773,平,平等,평등,"권리나 의무, 신분 따위가 차별이 없이 고르고 한결같음"
774,平,平均,평균,여러 사물의 각각 다른 질이나 양을 고르게 한 것
775,展,發展,발전,사물이 보다 낫고 더 좋은 상태로 나아감
776,展,展開,전개,이야기나 사건의 내용이 진전되어 펼쳐짐
777,展,展示會,전시회,어떤 특정한 물건을 벌여 놓고 일반 사람들에게 참고가 되도록 보이는 모임
778,展,展望,전망,멀리 바라봄
779,展,發展的,발전적,더 나은 방향이나 더 높은 단계로 가는 과정과 관련이 있는 것
780,國,國語,국어,우리나라의 언어
781,國,本國,본국,자기의 국적이 있는 나라
782,國,國際,국제,나라와 나라 사이의 교제
783,國,國會,국회,국민이 선출한 의원으로 구성된 헌법상의 합의체
784,國,國家的,국가적,국가 전체의 규모나 범위에서 하는
785,量,假量,가량,"수량을 나타내는 명사나 명사구 뒤에서 의존적 용법으로 쓰여, 수량을 대강 어림쳐서 나타내는 말"
786,量,物量,물량,물건의 분량
787,量,力量,역량,어떤 일을 해낼 수 있는 힘이나 기량
788,量,分量,분량,수량의 많고 적음이나 부피의 크고 작은 정도
789,量,大量,대량,아주 많은 분량이나 수량
790,定,豫定,예정,앞으로 할 일을 미리 정함
791,定,肯定的,긍정적,어떤 생각이나 사실 따위를 그러하거나 옳다고 인정하는 것
792,定,決定,결정,어떤 일에 대한 방향이나 태도를 분명하게 정함
793,定,規定,규정,규칙으로 정함
794,定,否定的,부정적,그렇지 않다고 단정하거나 옳지 않다고 반대하는 것
795,五,五色,오색,여러 가지 빛깔
796,五,五六,오륙,대강 어림쳐서 다섯이나 여섯쯤
797,五,五月,오월,일 년 열두 달 중의 다섯째 달
798,五,五十,오십,‘십’의 다섯 배가 되는 수
799,五,三三五五,삼삼오오,서너 사람이나 대여섯 사람씩 떼를 지어 여기저기 다니거나 무슨 일을 하는 모양을 나타내는 말
800,昨,再昨年,재작년,작년의 바로 전해
801,昨,昨今,작금,어제와 오늘을 아울러 이르는 말
802,昨,昨年度,작년도,지난 일 년 동안의 기간
803,昨,昨年,작년,올해의 바로 앞의 해
804,昨,昨月,작월,이 달의 바로 앞의 달
805,曜,月曜日,월요일,한 주가 시작되는 날
806,曜,金曜日,금요일,월요일을 기준으로 하여 세었을 때 주의 다섯 번째 날
807,曜,日曜日,일요일,월요일을 기준으로 하여 세었을 때 주의 일곱 번째 날
808,曜,土曜日,토요일,월요일을 기준으로 하여 세었을 때 주의 여섯 번째 날
809,曜,水曜日,수요일,월요일을 기준으로 하여 세었을 때 한 주의 세 번째 날
810,開,開幕,개막,대회나 행사 따위를 시작함
811,開,公開,공개,어떤 사실을 여러 사람 앞에 널리 드러냄
812,開,開發,개발,새로운 것을 연구하여 만들어 냄
813,開,開放,개방,금지되거나 제한되어 있는 것을 풀어 자유롭게 함
814,開,開場,개장,증권 시장이 문을 열고 그날의 업무를 시작함
815,春,思春期,사춘기,"인간 발달 단계의 한 시기로, 신체적으로는 이차 성징이 나타나며 정신적으로는 자아의식이 높아지면서 심신 양면으로 성숙기에 접어드는 시기"
816,春,賣春,매춘,돈이나 기타 대가를 받고 성적 상대가 되어 줌
817,春,靑春,청춘,한창 젊고 건강한 나이 또는 그런 시절을 봄철에 비유하여 이르는 말
818,春,賣買春,매매춘,여자의 몸을 성적 대상으로 사고파는 일
819,春,賣春女性,매춘 여성,남자에게 돈이나 기타 대가를 받고 성적 상대가 되어 주는 여성
820,區,區域,구역,갈라놓은 경계 안의 지역
821,區,區別,구별,어떤 것과 다른 것을 차이에 따라 나눔
822,區,地區,지구,일정한 기준에 따라 여럿으로 나눈 땅의 한 구역
823,區,區間,구간,어떤 지점과 다른 지점과의 사이
824,區,區分,구분,일정한 기준에 따라 전체를 몇 개로 나누어서 가름
825,加,增加,증가,양이나 수가 이전보다 더 늘어나거나 많아짐
826,加,參加,참가,사람이 어떠한 모임이나 단체에 관계하여 들어감
827,加,參加者,참가자,어떤 모임 또는 행사 따위에 참가한 사람
828,加,加入,가입,단체나 조직의 구성원이 됨
829,加,加工,가공,무엇을 만들기 위해 천연의 것이나 완성되지 않은 것에 사람의 힘을 더함
830,當,當場,당장,이 자리에서 바로
831,當,當時,당시,앞에서 말한 그때
832,當,相當,상당,"일부 명사 앞에서 관형어로 쓰여, 어느 정도의 뜻을 나타내는 말"
833,當,當身,당신,듣는 이를 조금 높여 가리키는 말
834,當,當代,당대,일이 있는 바로 그 시대
835,祖,始祖,시조,한 겨레의 가장 처음이 되는 조상
836,祖,祖上,조상,자기가 살고 있는 세대 이전의 모든 세대
837,祖,祖國,조국,조상 때부터 살아온 나라
838,祖,祖父,조부,부모의 아버지
839,祖,先祖,선조,한 민족에서 여러 대를 거슬러 올라가는 모든 위 세대
840,着,到着,도착,목적한 곳에 이르러 닿음
841,着,癒着,유착,떨어져 있어야 마땅한 두 사물이 깊은 관계를 가지고 결합하여 있음
842,着,執着,집착,"어떤 일이나 사물에 마음을 쏟아, 버리지 못하고 매달림"
843,着,着工,착공,공사를 시작함
844,着,定着,정착,사람이 한곳에 자리를 정해서 머물러 삶
845,記,記憶,기억,과거의 사물에 대한 것이나 지식 따위를 머릿속에 새겨 두어 보존하거나 되살려 생각해 냄
846,記,日記,일기,"날마다 자신이 겪은 일이나 생각, 느낌 등을 사실대로 적은 기록"
847,記,記錄,기록,주로 후일에 남길 목적으로 어떤 사실을 적음
848,記,記事,기사,"신문, 잡지 등에 실린 어떠한 사실을 알리는 글"
849,記,記者,기자,"신문, 잡지, 방송 등의 기사를 취재하여 쓰거나 편집하는 사람"
850,失,失敗,실패,원하는 결과를 얻지 못하거나 뜻한 대로 되지 않고 그르침
851,失,損失,손실,감소하거나 잃어 버려 입은 손해
852,失,過失,과실,부주의로 인하여 생긴 잘못이나 허물
853,失,喪失,상실,"기억, 정신, 자격, 권리 따위를 잃어 버림"
854,失,失手,실수,부주의로 잘못을 저지름
855,飮,飮食,음식,사람이 먹고 마실 수 있도록 만든 모든 것
856,飮,飮料,음료,"물, 차, 술 따위와 같이 사람이 마시는 액체를 통틀어 이르는 말"
857,飮,飮食物,음식물,사람이 먹고 마시는 물질
858,飮,飮料水,음료수,"갈증을 풀거나 맛을 즐기기 위한, 주스나 탄산수 따위의 마실 것"
859,飮,飮酒,음주,술을 마심
860,讀,讀書,독서,책을 읽음
861,讀,讀者,독자,"책, 신문, 잡지 따위의 출판물을 읽는 사람"
862,讀,解讀,해독,어려운 문구나 문장 따위의 뜻을 풀어서 읽음
863,讀,讀書室,독서실,글을 읽거나 공부를 할 수 있도록 따로 차려놓은 방
864,讀,讀解,독해,글을 읽어서 뜻을 이해함
865,長,成長,성장,사람이나 동식물이 자라서 몸무게가 늘거나 키가 점점 커짐
866,長,班長,반장,반을 대표하는 일을 맡은 사람
867,長,延長,연장,공간적 길이나 시간을 일정 기준보다 늘림
868,長,家長,가장,한집안의 생계를 책임지고 꾸려 가는 사람
869,長,會長,회장,회사에서 사장 위의 지위
870,倍,倍率,배율,"렌즈나 거울, 현미경, 망원경 따위로 물체를 볼 때 생기는 물체의 크기와 실제 물체와의 크기 비율"
871,倍,倍數,배수,어떤 수의 몇 곱절이 되는 수
872,倍,倍加,배가,갑절로 늘어남
873,倍,百倍,백배,"백 곱절이라는 뜻으로, ‘다른 무엇에 비교할 수 없을 정도로 아주’를 이르는 말"
874,倍,倍前,배전,"주로 ‘배전의’의 꼴로 쓰여, 이전보다 갑절의 뜻으로 전보다 더욱 더함을 이르는 말"
875,苦,苦悶,고민,마음속으로 괴로워하며 속을 태움
876,苦,苦難,고난,괴로움과 어려움
877,苦,苦惱,고뇌,정신적 아픔과 괴로움에 시달림
878,苦,苦痛,고통,몸이나 마음의 아픔이나 괴로움
879,苦,苦生,고생,어렵고 고된 일을 겪음
880,領,大統領,대통령,공화국의 최고 지도자로서 외국에 대해 국가를 대표하는 국가의 원수
881,領,要領,요령,일을 하는 데 꼭 필요한 묘한 이치
882,領,占領,점령,무력이나 조직된 힘을 동원하여 일정한 지역을 차지함
883,領,領域,영역,관계되는 분야나 범위
884,領,大領,대령,영관급 장교의 으뜸 계급
885,左,左右,좌우,왼쪽과 오른쪽을 한데 이르는 말
886,左,左翼,좌익,급진적 사상이나 노선
887,左,左側,좌측,북쪽을 향했을 때 서쪽과 같은 쪽
888,左,左派,좌파,좌익의 당파
889,左,左右翼,좌우익,좌익 사상과 우익 사상
890,學,學生,학생,배우는 사람
891,學,科學,과학,사물의 현상에 관한 보편적 원리 및 법칙을 알아내고 해명하는 것을 목적으로 하는 지식 체계나 학문
892,學,學問,학문,지식을 배워서 익힘
893,學,學院,학원,학교 설치 기준의 여러 조건을 갖추지 않은 사설 교육 기관
894,學,大學,대학,최고급의 공공 교육 및 연구 기관
895,板,揭示板,게시판,"벽에 붙이거나 바닥에 세워 놓고 글, 그림, 사진 따위를 붙여 여러 사람이 두루 보게 하는 판"
896,板,看板,간판,"상점, 영업소, 기관 따위에서 그 이름과 업종, 판매하는 품목 따위를 써서 사람들의 눈에 잘 띄도록 걸거나 붙이는 표지판"
897,板,鐵板,철판,쇠로 만든 넓은 판
898,板,甲板,갑판,큰 배 위에 나무나 철판 따위를 깔아 놓은 넓고 평평한 바닥
899,板,字板,자판,"컴퓨터나 타자기, 워드 프로세서 따위에서, 손가락으로 두드려 문자를 입력할 수 있도록 글쇠를 배열해 놓은 판"
900,郡,郡廳,군청,군의 행정 사무를 맡아보는 기관
901,郡,郡守,군수,군의 행정을 맡아보는 으뜸 관리
902,郡,郡縣,군현,"신라와 고려와 조선 시대, 지방 행정 단위인 주, 부, 군, 현을 이르던 말"
903,郡,郡內,군내,행정 구역의 하나인 군의 안
904,郡,郡民,군민,그 군에 사는 사람
905,船,船舶,선박,사람이나 물건을 싣고 물위를 떠다니도록 만든 물건
906,船,船長,선장,배의 항해에 필요한 일체의 권한을 갖고 선원을 지휘하고 통제하는 직위
907,船,漁船,어선,물고기를 잡는 데에 쓰는 배
908,船,船員,선원,배 안에서 임금을 받고 근로를 제공하는 고용인
909,船,風船,풍선,얇은 탄성 고무로 주머니처럼 만들어 그 속에 가벼운 기체를 넣어 공중으로 높이 떠 올라가게 하는 물건
910,示,示威,시위,요구 조건을 관철시키기 위해서 많은 사람들이 무리 지어 공개적인 장소에서 자신들의 주장을 폄
911,示,提示,제시,글이나 말로 어떤 의사나 근거 따위를 드러내 보이거나 가리킴
912,示,展示,전시,여러 가지 물품 따위를 벌여 놓고 사람들에게 보임
913,示,展示會,전시회,어떤 특정한 물건을 벌여 놓고 일반 사람들에게 참고가 되도록 보이는 모임
914,示,指示,지시,어떤 일을 일러서 시킴
915,淸,淸淨,청정,맑고 깨끗함
916,淸,肅淸,숙청,"혼란한 세상, 그릇된 일 따위를 엄하게 바로잡음"
917,淸,淸算,청산,어떤 일이나 부정적인 요소 따위를 깨끗이 정리하여 결말을 지음
918,淸,淸掃,청소,더럽거나 어지러운 것을 치우고 없애 깨끗이 함
919,淸,淸酒,청주,찐 쌀을 일본식으로 빚어 만든 맑은 술
920,輕,輕蔑,경멸,남을 깔보아 업신여김
921,輕,輕水爐,경수로,수소와 산소로 이루어진 보통의 물을 감속재와 냉각재로 사용하는 원자로
922,輕,輕油,경유,원유를 상압으로 증류할 때 등유 다음으로 얻어지는 기름
923,輕,輕減,경감,부담이나 고통 따위를 덜어서 가볍게 함
924,輕,輕視,경시,대수롭지 않게 깔보거나 업신여김
925,算,豫算,예산,필요한 금액 따위를 미리 계산함
926,算,計算,계산,어떤 일이 자기에게 이해득실이 있는지 따짐
927,算,淸算,청산,어떤 일이나 부정적인 요소 따위를 깨끗이 정리하여 결말을 지음
928,算,決算,결산,일정한 기간 안의 수입과 지출을 마감하여 계산함
929,算,電算,전산,전자 회로를 이용하여 계산을 하는 데 사용하는 기계
930,三,三國,삼국,고대 우리나라에 있었던 세 나라
931,三,三寸,삼촌,아버지나 어머니의 형제를 가리키거나 부르는 말
932,三,三角形,삼각형,일직선 위에 있지 않은 세 점을 연결한 직선으로 이루어진 평면 도형
933,三,三十,삼십,‘십’의 세 배가 되는 수
934,三,第三者,제삼자,어떤 사건이나 사물에 대하여 이해관계가 있는 당사자 이외의 사람
935,完,完全,완전,그 정확한 의미에 한 치의 어긋남도 없음
936,完,補完,보완,부족한 것을 보충하여 완전하게 함
937,完,完成,완성,어떤 일을 다 이루어 완전한 것으로 만듦
938,完,完工,완공,완성하여 공사를 마침
939,完,未完成,미완성,일이나 작품 따위가 아직 덜 이루어짐
940,南,以南,이남,어떤 기준이 되는 지점으로부터 그 남쪽
941,南,南韓,남한,"해방 후, 삼팔선 이남의 한국"
942,南,江南,강남,서울의 한강 이남 지역
943,南,南北,남북,남한과 북한을 아울러 이르는 말
944,南,南北韓,남북한,남한과 북한
945,要,要領,요령,일을 하는 데 꼭 필요한 묘한 이치
946,要,要素,요소,어떤 사물을 구성하거나 효력을 발생시키기 위하여 없어서는 안 될 근본적인 조건이나 성분
947,要,要因,요인,중요한 원인
948,要,必要,필요,꼭 소용되는 바가 있음
949,要,主要,주요,주되고 중요함
950,所,所謂,소위,흔히 말하는 바대로
951,所,所聞,소문,여러 사람의 입에 오르내리며 세상에 떠도는 소식
952,所,所望,소망,바라고 원함
953,所,宿所,숙소,집을 떠난 사람이 임시로 묵는 곳
954,所,場所,장소,일이나 사건이 이루어지거나 발생한 곳
955,業,職業,직업,개인이 사회에서 생활을 영위하고 수입을 얻을 목적으로 한 가지 일에 종사하는 지속적인 사회 활동
956,業,農業,농업,토지를 이용하여 인간에게 유용한 동식물을 길러 생산물을 얻어내는 산업
957,業,産業,산업,"농업, 공업, 수산업, 임업, 광업 따위의 생산을 목적으로 하는 일"
958,業,事業,사업,주로 생산과 영리를 목적으로 지속하는 계획적인 경제 활동
959,業,作業,작업,일정한 목적과 계획 아래 육체적이거나 정신적인 일을 함
960,說,辱說,욕설,남을 모욕하거나 저주하는 말
961,說,說明,설명,어떤 일의 내용이나 이유 따위를 상대편이 잘 알 수 있도록 밝혀 말함
962,說,社說,사설,"신문, 잡지 등에서 펴낸이의 주장을 실어 펼치는 논설"
963,說,小說,소설,사실이나 허구의 이야기를 작가의 상상력과 구성력을 가미하여 산문체로 쓴 문학의 한 갈래
964,說,解說,해설,무엇의 내용이나 의미 따위를 알기 쉽게 풀어서 설명함
965,感,感謝,감사,고마움을 표시하는 인사
966,感,感覺,감각,신체 기관을 통하여 안팎의 자극을 느끼거나 알아차림
967,感,感氣,감기,"코나 목구멍, 기관지 등의 호흡기 계통에 생기는 질병"
968,感,感情,감정,"어떤 일이나 현상, 사물에 대하여 느끼어 나타나는 심정이나 기분"
969,感,感動,감동,깊이 느껴 마음이 움직임
970,有,固有,고유,어느 사물에만 특별히 있거나 본래부터 지니고 있음
971,有,所有,소유,자기 것으로 가짐
972,有,所有者,소유자,어떤 특성 따위를 지닌 사람
973,有,有名,유명,이름이 세상에 널리 알려져 있음
974,有,有機的,유기적,생물체와 같이 조직이나 구성 요소 등이 서로 긴밀하게 연관되어 떼어 낼 수 없는
975,反,反對,반대,두 사물의 방향이나 속성 따위가 서로 맞섬
976,反,反撥,반발,어떤 행동이나 상태에 대하여 거스르고 반대함
977,反,反應,반응,자극이나 작용을 받아 어떤 현상이 일어나는 일
978,反,反映,반영,"사물의 속성 또는 어떠한 사실이나 현상 따위가 다른 사물이나 사실, 현상 따위를 통해 드러남"
979,反,反面,반면,"흔히 관형형 어미 ‘-은’, ‘-는’ 뒤에서 ‘반면’의 꼴로 쓰여, 뒤에 오는 말이 앞의 내용과 상반됨을 나타내는 말"
980,凶,凶惡犯,흉악범,흉악한 범죄를 저지른 사람
981,凶,凶年,흉년,농작물이 잘되지 아니한 해
982,凶,凶器,흉기,사람을 위협하거나 살상할 목적으로 쓰는 갖가지 연장을 통틀어 이르는 말
983,凶,凶作,흉작,각종 자연재해나 적당하지 않은 날씨 때문에 농작물이 잘 자라지 않고 그 생산량이 격감하여 농가에 커다란 손실을 끼치는 일
984,凶,吉凶,길흉,운수의 좋음과 나쁨
985,知,知覺,지각,알아서 깨달음
986,知,知識人,지식인,높은 수준의 지성과 폭넓은 교양을 갖춘 사람
987,知,知識,지식,"교육이나 경험, 또는 연구를 통해 얻은 체계화된 인식의 총체"
988,知,知的,지적,지식 또는 지성과 관련된
989,知,知性,지성,사물을 개념에 의하여 사고하거나 객관적으로 인식하고 판정하는 오성적 능력이나 그러한 정신의 기능
990,里,里程標,이정표,"발전 과정에 있어서, 획기적 계기나 지침이 될 만한 사건을 비유적으로 이르는 말"
991,里,洞里,동리,"주로 시골에서, 여러 집이 모여 사는 곳"
992,里,萬里長城,만리장성,중국의 역대 왕조가 변경 방위를 목적으로 쌓은 긴 성벽
993,里,里長,이장,지방 행정 구역인 리의 사무를 맡아보는 사람
994,里,三千里,삼천리,"함경북도 북쪽 끝에서 제주도 남쪽 끝까지 3,000리가 된다고 하여, 우리나라 전체를 비유적으로 이르는 말"
995,心,心情,심정,사람의 내면으로부터 일어나는 감정이나 심리
996,心,人心,인심,남의 처지를 헤아려 주고 도와주는 마음
997,心,關心,관심,어떤 것에 마음이 끌려 신경을 쓰거나 주의를 기울임
998,心,良心,양심,"어떤 행위에 대하여 옳고 그름, 선과 악을 구별하는 도덕적 의식이나 마음씨"
999,心,中心,중심,중요하고 기본이 되는 부분
1000,答,對答,대답,"물음이나 부름, 또는 요구 등에 응하여 말하거나 어떤 태도를 보임"
1001,答,解答,해답,맞닥친 문제나 현안에 대한 해결 방안
1002,答,答案,답안,문제의 해답
1003,答,答辯,답변,질문이나 요구에 응하여 말함
1004,答,正答,정답,어떤 문제에 대하여 옳은 답
1005,孝,孝誠,효성,정성을 다하여 부모를 섬기는 마음이나 태도
1006,孝,孝道,효도,자식들이 어버이를 공경하고 잘 섬김
1007,孝,孝心,효심,부모를 섬기고 공경하는 마음
1008,孝,不孝,불효,부모를 잘 섬기지 아니하여 자식된 도리를 못함
1009,孝,孝子,효자,부모를 잘 섬기는 아들
1010,週,週期,주기,같은 현상이나 특징이 한 번 나타난 뒤 다시 되풀이되기까지의 기간
1011,週,每週,매주,한 주 한 주의 모든 주
1012,週,週末,주말,한 주일의 끝
1013,週,一週日,일주일,한 주일 또는 칠 일
1014,週,週間,주간,"주로 어떤 일이나 행사를 하기로 한, 한 주일의 기간"
1015,名,名譽,명예,세상에 널리 인정받아 얻은 좋은 평판이나 이름
1016,名,名分,명분,신분이나 이름에 걸맞게 지켜야 할 도리
1017,名,名義,명의,어떤 일에 공식적으로 내세우는 문서상의 이름
1018,名,名單,명단,어떤 일에 관계된 사람들의 이름을 적은 문서
1019,名,名稱,명칭,사람이나 사물 따위를 부르는 이름
1020,行,行爲,행위,사람이 의지를 가지고 행하는 짓
1021,行,慣行,관행,사회에서 예전부터 해 오던 대로 함
1022,行,銀行,은행,금융 기관의 하나
1023,行,行政,행정,법 아래에서 국가 목적을 실현하기 위해 행하는 능동적이고 적극적인 활동
1024,行,行事,행사,많은 사람이 특정한 목적이나 계획을 가지고 정해진 절차에 따라 조직적으로 진행하는 일
1025,法,法則,법칙,"모든 현상들의 원인과 결과, 또는 사물과 사물 사이에 내재하는 보편적이며 필연적인 규칙"
1026,法,不法,불법,법에 위반됨
1027,法,方法,방법,목적을 달성하기 위해 취하는 방식이나 수단
1028,法,技法,기법,기교를 부리거나 보이는 방법
1029,法,法的,법적,국가의 강제력을 수반하는 사회 규범에 의한
1030,者,讀者,독자,"책, 신문, 잡지 따위의 출판물을 읽는 사람"
1031,者,患者,환자,병을 앓거나 몸을 다친 사람
1032,者,作者,작자,책이나 문예 작품 따위를 지은 사람
1033,者,學者,학자,일정한 분야에 대한 전문적인 연구로 해당 학문의 발전에 이바지하는 사람
1034,者,話者,화자,말하는 사람
1035,鐵,鐵鋼,철강,2퍼센트 미만의 탄소가 합해진 철
1036,鐵,鐵窓,철창,창살이 쇠로 된 창문
1037,鐵,電鐵,전철,전동차를 달리 이르는 말
1038,鐵,地下鐵,지하철,대도시에서 교통 혼잡을 완화하고 빠른 속도로 열차를 운행하기 위하여 땅속으로 굴을 파서 설치한 철도
1039,鐵,鐵道,철도,열차를 이용한 운송 수단
1040,止,禁止,금지,어떤 일이나 행동 등을 하지 못하게 막음
1041,止,停止,정지,움직이고 있던 물체가 움직임을 멈춤
1042,止,廢止,폐지,실시하여 오던 제도나 법규 따위를 그만두거나 없앰
1043,止,防止,방지,어떠한 일이나 현상을 일어나지 못하도록 막음
1044,止,中止,중지,일을 중도에서 그만둠
1045,半,折半,절반,하나를 둘로 똑같이 나눔
1046,半,半導體,반도체,전기를 전하는 성질이 도체와 부도체의 중간 정도인 물질을 통틀어 이르는 말
1047,半,後半,후반,"어떤 기간을 둘로 나누었을 때, 뒤의 절반"
1048,半,半島,반도,삼면이 바다로 둘러싸이고 한 면은 육지에 연결된 땅
1049,半,過半數,과반수,절반이 넘는 수
1050,典,辭典,사전,"어휘를 모아 일정한 순서로 배열하여 싣고 그 표기법, 발음, 어원, 의미, 용법 따위를 설명한 책"
1051,典,典型,전형,같은 부류 안에서 가장 일반적이고 본질적인 특성
1052,典,古典,고전,"예전에 쓰인 작품으로, 시대를 뛰어넘어 변함없이 읽을 만한 가치를 지니는 것들을 통틀어 이르는 말"
1053,典,古典的,고전적,전통적이며 예스러운
1054,典,典型的,전형적,같은 부류 안에서 가장 일반적이고 본질적인 특성을 가진 것
1055,調,調節,조절,어떤 대상의 상태를 조작하거나 제어하여 적절한 수준으로 맞춤
1056,調,調整,조정,어떤 기준이나 실정에 맞도록 조절하여 정돈함
1057,調,調査,조사,어떤 일이나 사실 또는 사물의 내용 따위를 명확하게 알기 위하여 자세히 살펴보거나 밝힘
1058,調,調和,조화,어긋나거나 부딪침이 없이 서로 고르게 잘 어울림
1059,調,語調,어조,말의 가락
1060,別,別途,별도,원래의 것에 덧붙여서 추가한 것
1061,別,特別,특별,일반적인 것과 아주 다름
1062,別,區別,구별,어떤 것과 다른 것을 차이에 따라 나눔
1063,別,別名,별명,"사람의 생김새나 버릇, 성격 따위의 특징을 가지고 남들이 본명 대신에 지어 부르는 이름"
1064,別,個別的,개별적,하나하나 따로따로 되어 있는
1065,令,令狀,영장,"법원 또는 법관이 사람 또는 물건에 대하여 체포, 구금, 수색, 압수의 명령 또는 허가를 내용으로 하여 발부하는 문서"
1066,令,假令,가령,앞선 일반적인 진술을 구체적으로 예를 들어 설명하고자 할 때 뒤따르는 문장을 이끄는 데 쓰이는 말
1067,令,命令,명령,윗사람이 아랫사람에게 무엇을 하도록 시킴
1068,令,設令,설령,"어떤 상황을 가정하고, 그러한 가정으로부터 일반적으로 떠올리는 상황과 반대되는 이야기를 할 때 쓰는 말"
1069,令,令監,영감,나이가 많은 남자를 홀하게 부르는 말
1070,川,川邊,천변,냇물의 가장자리
1071,川,河川,하천,육지 표면에서 일정한 물길을 따라 흐르는 큰 물줄기
1072,川,開川,개천,수챗물이 흘러 나가도록 땅을 길게 골이 지도록 파서 만든 내
1073,川,山川,산천,"산과 내라는 뜻으로, ‘자연1’을 이르는 말"
1074,川,防川,방천,돌이나 흙을 쌓거나 나무를 심어 냇물이 넘쳐 들어오는 것을 막는 둑
1075,規,規則,규칙,다 함께 지키기로 정한 사항이나 법칙
1076,規,規模,규모,사물의 구조나 모양의 크기와 범위
1077,規,規制,규제,"규칙이나 법령, 관습 따위로 일정한 한도를 정하여 그 이상을 넘지 못하도록 제한함"
1078,規,規定,규정,규칙으로 정함
1079,規,新規,신규,새로이 어떤 일을 함
1080,速,速度,속도,일이 진행되는 빠른 정도
1081,速,加速化,가속화,어떤 일이나 현상의 진행이 점점 더 빨라짐
1082,速,高速,고속,매우 빠른 속도
1083,速,高速道路,고속 도로,자동차가 빠른 속도로 달릴 수 있게 만든 차량 전용의 넓고 평탄한 도로
1084,速,速力,속력,"움직이는 것, 특히 차, 배, 비행기 따위가 이동하는 빠르기의 힘"
1085,分,分析,분석,복잡한 현상을 다양한 각도로 풀어서 논리적으로 해명함
1086,分,氣分,기분,"쾌, 불쾌 등의 감정을 느끼는 상태"
1087,分,處分,처분,행정․사법 관청이 특정한 사건에 대하여 관련 법규를 적용하여 처리하는 행위
1088,分,名分,명분,신분이나 이름에 걸맞게 지켜야 할 도리
1089,分,大部分,대부분,전체 수요나 분량에 거의 가까운 정도
1090,月,月給,월급,일한 대가로 다달이 받는 급여
1091,月,正月,정월,음력으로 일 년 중의 첫째 달
1092,月,歲月,세월,흘러가는 시간
1093,月,月中,월중,그 달 동안
1094,月,每月,매월,각각의 모든 달
1095,操,操縱,조종,어떤 사람이나 단체를 자기 뜻대로 부림
1096,操,貞操,정조,여자의 곧은 절개
1097,操,操業,조업,공장이나 어선 등에서 일을 함
1098,操,體操,체조,신체의 발육과 건강을 위하여 몸을 조직적으로 움직이는 운동
1099,操,操心,조심,잘못이나 실수가 없도록 말이나 행동에 신경을 씀
1100,比,比較的,비교적,일정한 수준이나 보통 정도보다는 더
1101,比,比較,비교,"둘 이상의 것을 견주어 공통점이나 차이점, 우열을 살핌"
1102,比,比率,비율,둘 이상의 수나 양 따위를 비교하여 그 관계가 서로 몇 배가 되나를 수치로 나타낸 것
1103,比,比重,비중,다른 사물과 비교되는 중요성의 정도
1104,比,對比,대비,두 가지 것의 차이를 명백히 하기 위해 서로 비교함
1105,級,等級,등급,"신분, 품질, 값, 각종 평가 등의 높고 낮음, 좋고 나쁨을 여러 단계로 나누는 구분"
1106,級,階級,계급,사회적으로 동일한 조건이나 비슷한 수준 아래 놓여 공통된 이해관계와 행동 방식을 지니는 집단
1107,級,學級,학급,한 교실 안에서 같은 기간 동안 교육을 받는 학생의 집단
1108,級,高級,고급,"대체로 가격이 비싸며 정도나 품질, 수준 따위의 등급이 높음"
1109,級,最高級,최고급,가장 높은 등급
1110,談,弄談,농담,실없이 장난으로 하는 말
1111,談,會談,회담,어떤 문제에 대하여 대표성을 띤 사람들이 모여서 대화를 나누거나 토의를 함
1112,談,相談,상담,어떤 일을 서로 의논하거나 그 방면의 전문가에게 의뢰함
1113,談,談話,담화,어떤 단체나 공적인 자리에 있는 사람이 어떤 문제에 대하여 자신의 의견이나 태도를 공식적으로 밝히는 말
1114,談,面談,면담,서로 만나서 이야기하거나 의견을 나눔
1115,先,于先,우선,어떤 일에 앞서서 먼저
1116,先,先輩,선배,"지위, 나이, 덕행, 경험 등이 자기보다 앞서거나 높은 사람"
1117,先,先生,선생,학생을 가르치는 사람을 두루 이르는 말
1118,先,先祖,선조,한 민족에서 여러 대를 거슬러 올라가는 모든 위 세대
1119,先,先頭,선두,대열이나 행렬 또는 어떤 활동의 맨 앞
1120,萬,萬一,만일,"연결 어미 ‘-면’과 함께 쓰여, 이 말이 포함된 앞 내용이 가정된 일이나 상황, 또는 조건이며 뒤 내용이 그에 따른 결과나 반응을 말할 때 쓰여 앞뒤 문장을 이어 주는 말"
1121,萬,萬若,만약,있을지도 모르는 뜻밖의 경우에
1122,萬,萬人,만인,매우 많은 사람
1123,萬,千萬,천만,‘만8’의 천 배가 되는 수
1124,萬,百萬,백만,‘만8’의 백 배가 되는 수
1125,根,根據,근거,어떤 일이나 행동을 하는 데 터전이 되는 곳
1126,根,根幹,근간,사물의 본바탕이나 중심
1127,根,根源,근원,사물이나 현상 등이 비롯되는 본바탕
1128,根,根本,근본,사물이나 생각 등이 생기는 본바탕
1129,根,根本的,근본적,사물의 본질이나 본바탕이 되는 것
1130,光,光復,광복,빼앗긴 땅과 주권을 도로 찾음
1131,光,光景,광경,벌어진 일의 상태와 모양
1132,光,榮光,영광,빛나고 아름다운 영예
1133,光,觀光,관광,"다른 지방이나 나라의 풍경, 풍물 따위를 구경하고 즐김"
1134,光,觀光客,관광객,다른 지방이나 다른 나라의 풍경이나 풍물 등을 구경하러 다니는 사람
1135,朝,朝鮮,조선,이성계가 고려를 멸하고 세운 나라
1136,朝,朝廷,조정,임금과 신하들이 모여 나라의 정치를 의논하고 집행하는 곳
1137,朝,王朝,왕조,같은 왕가에 속하는 왕들의 계열
1138,朝,李朝,이조,"근세조선을, 임금의 성을 좇아 이씨 왕조 조선이라는 뜻으로 이르는 말"
1139,朝,朝鮮朝,조선조,조선의 조정
1140,場,市場,시장,물건의 거래가 이루어지는 일정한 장소
1141,場,立場,입장,어떤 관점의 바탕을 이루는 기본 테두리의 생각
1142,場,職場,직장,회사나 관청 따위와 같이 보수를 받으며 일을 하는 곳
1143,場,工場,공장,기계 따위의 생산 설비를 갖추고 노동자의 작업에 의해 원료나 재료를 가공하여 상품을 만들어 내는 곳
1144,場,現場,현장,어떤 일이나 사건이 실제로 일어나고 있거나 일어난 곳
1145,住,居住,거주,일정한 곳에 자리를 잡고 머물러 삶
1146,住,住所,주소,"사람이 살고 있는 곳이나 기관, 회사 따위가 자리잡고 있는 곳을 행정 구역으로 나타낸 것"
1147,住,住宅,주택,사람이 살 수 있도록 지은 집
1148,住,移住,이주,거주지를 다른 곳으로 옮겨서 삶
1149,住,住民,주민,일정한 지역에 사는 사람
1150,樂,快樂,쾌락,감성의 만족이나 욕망의 충족에서 오는 유쾌한 감정
1151,樂,音樂,음악,"박자, 가락, 음성, 화성 따위를 갖가지 형식으로 조화시키고 결합하여, 목소리나 악기를 통하여 사상 또는 감정을 나타내는 예술"
1152,樂,樂觀的,낙관적,앞으로의 일을 밝고 희망적으로 보는 것
1153,樂,樂器,악기,음악을 연주하는 데 쓰이는 기구를 통틀어 이르는 말
1154,樂,樂士,악사,악기로 음악을 연주하는 사람
1155,風,暴風,폭풍,몹시 세차게 부는 바람
1156,風,風船,풍선,얇은 탄성 고무로 주머니처럼 만들어 그 속에 가벼운 기체를 넣어 공중으로 높이 떠 올라가게 하는 물건
1157,風,風景,풍경,감상의 대상이 되는 자연이나 세상의 모습
1158,風,風習,풍습,풍속과 습관을 아울러 이르는 말
1159,風,風土,풍토,"어떤 일의 배경이 되는 환경이나 경향, 양상, 풍습, 제도 따위를 비유적으로 이르는 말"
1160,禮,葬禮,장례,죽은 사람의 장사를 지내는 일
1161,禮,禮儀,예의,사회생활이나 사람 사이의 관계에서 존경의 뜻을 표하기 위해서 예로써 나타내는 말투나 몸가짐
1162,禮,禮節,예절,예의와 범절을 아울러 이르는 말
1163,禮,洗禮,세례,한꺼번에 몰아치는 비난이나 공격 따위를 비유적으로 이르는 말
1164,禮,婚禮,혼례,남녀가 부부 관계를 맺는 서약을 하는 의식
1165,仕,仕樣,사양,물품을 만들 때 필요한 설계 규정이나 제조 방법
1166,仕,自願奉仕,자원봉사,자기 스스로 나서서 국가나 사회 또는 타인에게 적극적으로 도움을 주는 일
1167,仕,奉仕,봉사,국가나 사회 또는 남을 위하여 자신을 돌보지 아니하고 애씀
1168,仕,奉仕團,봉사단,국가나 사회 또는 남을 위해 자신의 이해를 돌보지 않고 도움을 주고자 모인 사람들의 모임이나 단체
1169,仕,奉仕者,봉사자,어떤 대상이나 남을 위해 자신을 바쳐 일하는 사람
1170,店,店鋪,점포,작은 규모의 가게로 쓰는 집
1171,店,百貨店,백화점,한 건물 안에 온갖 상품을 부문별로 나누어 진열하고 판매하는 대규모의 종합 상점
1172,店,商店,상점,일정한 시설을 갖추고 물건을 파는 곳
1173,店,本店,본점,"지점이나 분점에 상대하여, 영업의 중심이자 본거지가 되는 점포"
1174,店,書店,서점,책을 팔거나 사는 가게
1175,固,固執,고집,자기 의견을 바꾸거나 고치지 않고 굳게 지켜서 우김
1176,固,固定,고정,한번 정한 상태에서 변경하지 않음
1177,固,固體,고체,물질의 세 형태의 하나로 일정한 모양과 부피를 가진 물체
1178,固,固定觀念,고정 관념,마음속에 굳어 있어 변하지 않는 생각
1179,固,固有,고유,어느 사물에만 특별히 있거나 본래부터 지니고 있음
1180,問,拷問,고문,"어떤 사람이 숨기고 있는 것을 강제로 알아내기 위하여 육체적, 정신적 고통을 주며 신문함"
1181,問,問題,문제,해답을 요구하는 물음
1182,問,質問,질문,모르거나 의심나는 점을 물어 대답을 구함
1183,問,學問,학문,지식을 배워서 익힘
1184,問,問題點,문제점,어떤 사물이나 현상에서 해결해야 하거나 개선해야 할 점
1185,品,品質,품질,물건의 성질과 바탕
1186,品,製品,제품,판매를 목적으로 원료를 이용하여 만들어 낸 물품
1187,品,品位,품위,"사회생활 과정에서 형성된 사회적 관념으로서, 사회 성원들이 각각의 지위나 위치에 따라 갖추어야 한다고 생각되는 품성과 교양의 정도"
1188,品,商品,상품,사고파는 물건이나 재화
1189,品,作品,작품,예술 창작의 결과물
1190,局,結局,결국,끝에 이르러
1191,局,局長,국장,"관청이나 회사 따위의 조직에서, 한 국을 책임지고 다스리는 직위"
1192,局,當局,당국,"사무나 행정상의 임무, 책임 따위를 담당하여 주재하는 관계 기관"
1193,局,政局,정국,정치의 국면이나 정치권의 형편이나 정세
1194,局,時局,시국,현재 당면한 국내 및 국제 정세나 대세
1195,力,努力,노력,목적을 이루기 위하여 있는 힘을 다해 부지런히 애를 씀
1196,力,能力,능력,어떤 일을 해낼 수 있는 힘
1197,力,暴力,폭력,"남을 거칠고 사납게 제압할 때에 쓰는, 물리적인 수단이나 힘"
1198,力,實力,실력,사람이 어떤 일을 실제로 해낼 수 있는 능력
1199,力,勢力,세력,여러 요소들이 모여 기세를 뻗치는 힘
1200,期,早期,조기,이른 시기
1201,期,期間,기간,일정한 어느 시기부터 다른 어느 시기까지의 동안
1202,期,期待,기대,어떤 일이나 대상이 원하는 대로 되기를 바라고 기다림
1203,期,定期,정기,일정하게 정해진 시기나 기한
1204,期,初期,초기,어떤 기간의 처음이 되는 시기나 때
1205,窓,琉璃窓,유리창,유리를 낀 창문
1206,窓,同窓,동창,같은 학교나 스승에게서 함께 공부하거나 배움
1207,窓,車窓,차창,차에 달린 창문
1208,窓,窓口,창구,중간에서 양편을 연결해 주거나 이어 주는 것을 비유적으로 이르는 말
1209,窓,窓門,창문,공기나 빛 따위가 통하도록 벽이나 지붕에 만들어 놓은 작은 문
1210,石,寶石,보석,아름다운 빛깔과 광택을 지니며 쉽게 변하지 않는 단단하고 희귀한 돌
1211,石,石油,석유,천연으로 지하에서 솟아나며 탄화수소를 주성분으로 하는 혼합물
1212,石,礎石,초석,"어떤 사물이나 단체나 사상, 상태 따위를 이루는 데 기초가 되는 것을 비유적으로 이르는 말"
1213,石,石炭,석탄,"오래전의 식물질이 땅속에 묻혀 땅의 열과 압력을 받아 분해되어 생성된, 흑색 또는 갈색의 가연성 광물질"
1214,石,碑石,비석,무덤에 묻힌 사람의 이름 및 행적을 나타내거나 어떤 사적이나 업적 또는 사실을 널리 알리기 위하여 돌에 글을 새겨서 세우는 것
1215,木,木手,목수,목재를 이용하여 집을 짓거나 여러 가지 물건을 만드는 일을 전문으로 하는 사람
1216,木,木造,목조,나무로 물건을 만듦
1217,木,巨木,거목,굵고 큰 나무
1218,木,木材,목재,"건축을 하거나 물건을 만드는 데 쓰이는, 나무로 된 재료"
1219,木,古木,고목,오래 묵어 나이가 많고 키가 큰 나무
1220,動,活動,활동,일정한 성과를 거두기 위해 어떤 일을 활발히 함
1221,動,動物,동물,사람 이외의 짐승
1222,動,運動,운동,건강의 유지나 증진을 목적으로 몸을 움직이는 일
1223,動,動機,동기,어떤 일이나 행동을 일으키게 하거나 마음을 먹게 하는 원인이나 계기
1224,動,自動,자동,기계나 장치 따위가 사람이 일일이 조작하지 않아도 일정한 방식에 따라 스스로 움직임
1225,父,父親,부친,‘아버지’를 정중히 이르는 말
1226,父,父母,부모,아버지와 어머니
1227,父,父子,부자,아버지와 아들
1228,父,學父母,학부모,학생을 자녀로 둔 부모
1229,父,叔父,숙부,아버지의 아우
1230,許,免許,면허,국가 기관이나 행정 기관에서 어떤 기술 자격을 인정하여 허가해 줌
1231,許,許容,허용,허락하여 받아들임
1232,許,無許可,무허가,공적인 기관이나 단체의 허락을 받지 않음
1233,許,許可,허가,공적인 입장이나 윗사람의 입장에서 어떤 행동이나 일을 할 수 있게 함
1234,許,不許,불허,어떤 일이나 행동을 하도록 허락하지 않음
1235,愛,友愛,우애,형제 사이의 정과 사랑
1236,愛,愛情,애정,사랑하는 정이나 마음
1237,愛,愛嬌,애교,남에게 귀엽게 보이려는 태도
1238,愛,愛人,애인,서로 사랑하는 관계에 있는 사람
1239,愛,戀愛,연애,상대방을 서로 애틋하게 사랑하여 사귐
1240,圖,圖章,도장,"이름이나 글자를 나무, 뿔, 고무 따위에 새겨 표지나 증명을 나타내는 물건"
1241,圖,試圖,시도,어떤 일을 이루려고 꾀하여 봄
1242,圖,意圖,의도,무엇을 이루려고 꾀함
1243,圖,構圖,구도,미적 효과를 얻기 위하여 모든 부분을 전체적으로 조화롭게 배치하는 도면 구성의 요령
1244,圖,圖書,도서,생각이나 사실을 글이나 그림 등으로 나타낸 종이를 겹쳐서 한데 꿰맨 물건
1245,家,家族,가족,"부부를 중심으로 하여 그로부터 생겨난 아들, 딸, 손자, 손녀 등으로 구성된 집단"
1246,家,家庭,가정,부부를 중심으로 그 부모나 자녀를 포함한 집단과 그들이 살아가는 물리적 공간인 집을 포함한 생활 공동체를 통틀어 이르는 말
1247,家,家口,가구,"수 관형사 뒤에서 의존적 용법으로 쓰여, 현실적으로 주거 및 생계를 같이하는 사람들로 이루어진 집단을 세는 단위를 나타내는 말"
1248,家,國家的,국가적,국가 전체의 규모나 범위에서 하는
1249,家,國家,국가,"일정한 영토를 보유하며, 거기 사는 사람들로 구성되고, 주권을 가진 집단"
1250,歲,年歲,연세,어른의 나이를 높여 이르는 말
1251,歲,歲拜,세배,섣달그믐이나 설 무렵에 웃어른을 찾아뵙고 절을 함
1252,歲,歲月,세월,흘러가는 시간
1253,歲,萬歲,만세,어떤 일을 경축하거나 기뻐하는 뜻으로 두 손을 높이 들며 외치는 말
1254,歲,歲時,세시,새해의 첫머리
1255,獨,孤獨,고독,홀로 있는 듯이 외롭고 쓸쓸함
1256,獨,獨創的,독창적,예전에 없던 것을 처음으로 만들어 내거나 생각해 내는 것
1257,獨,獨立,독립,나라나 단체가 완전한 자주권을 가짐
1258,獨,獨自的,독자적,남에게 기대지 않고 자신의 힘만으로 하는 것
1259,獨,單獨,단독,단 한 사람
1260,邑,都邑,도읍,"예전에, 한 나라의 수도를 이르던 말"
1261,邑,邑內,읍내,읍의 안
1262,邑,小邑,소읍,작은 마을
1263,邑,都邑地,도읍지,"예전에, 한 나라의 수도인 곳을 이르던 말"
1264,邑,邑城,읍성,한 도시 전체에 성벽을 쌓아 두른 성
1265,番,番號,번호,차례를 나타내기 위해 매겨진 숫자
1266,番,每番,매번,어느 때에나 다
1267,番,前番,전번,요전의 그때
1268,番,學番,학번,주로 대학교나 대학원에서 학생에게 부여하는 고유 번호
1269,番,電話番號,전화번호,가입된 전화마다 매겨져 있는 고유 번호
1270,必,必須的,필수적,꼭 있어야 하거나 해야만 하는 것
1271,必,必要,필요,꼭 소용되는 바가 있음
1272,必,何必,하필,달리하거나 달리 되지 않고 어찌하여 꼭
1273,必,必然的,필연적,사물이나 사건 따위가 반드시 그렇게 될 수밖에 없는 것
1274,必,必要性,필요성,무엇을 반드시 갖추거나 행하도록 요구하는 성질
1275,古,古參,고참,일정한 조직체에 오래전부터 몸담고 있는 사람
1276,古,古物,고물,헐거나 낡은 물건
1277,古,古典,고전,"예전에 쓰인 작품으로, 시대를 뛰어넘어 변함없이 읽을 만한 가치를 지니는 것들을 통틀어 이르는 말"
1278,古,古代,고대,먼 옛날
1279,古,古典的,고전적,전통적이며 예스러운
1280,夜,深夜,심야,깊은 밤
1281,夜,夜勤,야근,퇴근 시간이 지나고 난 밤에 직장에서 일을 함
1282,夜,夜間,야간,해가 진 뒤부터 먼동이 트기 전까지의 동안
1283,夜,夜學,야학,민간단체나 학생 등이 근로 청소년이나 정규 교육을 받지 못한 성인 등을 대상으로 야간에 운영하는 비정규적 교육 기관
1284,夜,前夜,전야,그 전날 밤
1285,氣,熱氣,열기,흥분해서 달아오른 분위기나 상황
1286,氣,人氣,인기,어떤 대상에 쏠리는 많은 사람들의 관심이나 호감
1287,氣,勇氣,용기,굳세고 씩씩한 기운
1288,氣,氣分,기분,"쾌, 불쾌 등의 감정을 느끼는 상태"
1289,氣,空氣,공기,지구를 둘러싼 대기의 하층 부분을 구성하는 무색투명하고 냄새가 없는 여러 가지 기체의 혼합물
1290,祝,祝賀,축하,남의 좋은 일에 기쁘고 즐거운 마음으로 인사함
1291,祝,祝辭,축사,다른 사람의 경사스러운 일에 기쁜 마음으로 인사하는 뜻의 말이나 글
1292,祝,祝福,축복,남 또는 남의 일이나 미래가 행복하기를 빌거나 그것을 기뻐하여 축하함
1293,祝,祝祭,축제,어떤 대상이나 분야를 주제로 하여 벌이는 대대적인 행사
1294,祝,祝文,축문,"제사를 지낼 때, 신명에게 고하는 글"
1295,弟,妻弟,처제,아내의 여자 동생을 가리키거나 부르는 말
1296,弟,兄弟,형제,형과 아우
1297,弟,兄弟愛,형제애,한 나라나 한 겨레에 속한 사람들이 서로를 형제처럼 느껴서 가지게 되는 사랑
1298,弟,弟子,제자,지식이나 덕을 갖춘 사람으로부터 가르침을 받는 사람
1299,弟,子弟,자제,남을 높여 그의 자녀를 이르는 말
1300,英,英語,영어,인도유럽 어족 게르만 어파의 서게르만 어군에 속하는 언어
1301,英,英雄,영웅,사회의 이상적 가치를 실현하거나 그 가치를 대표할 만한 사람
1302,英,英文,영문,영어로 된 글
1303,英,英雄的,영웅적,영웅으로 여길 만한
1304,英,英文學,영문학,영어로 표현된 문학
1305,秋,秋毫,추호,"‘추호도’, ‘추호의’의 꼴로 쓰여, 가을에 짐승의 털이 매우 가늘어지는 데에서 가을 털끝만큼 매우 조금을 비유적으로 이르는 말"
1306,秋,秋穀,추곡,가을에 거두는 곡식
1307,秋,晩秋,만추,늦은 가을 무렵
1308,秋,秋夕,추석,우리나라 명절의 하나
1309,秋,秋收,추수,가을에 익은 곡식을 거두어들임
1310,災,罹災民,이재민,재해를 입은 사람
1311,災,災殃,재앙,뜻하지 않게 생긴 불행한 변고
1312,災,災難,재난,뜻하지 않게 생긴 불행한 변고
1313,災,災害,재해,"가뭄, 대화재, 전염병, 지진, 태풍, 해일, 홍수 따위로 인하여 일어나는 갑작스러운 재난"
1314,災,火災,화재,불이 나는 재앙
1315,浴,沐浴,목욕,온몸을 씻음
1316,浴,浴槽,욕조,목욕을 할 수 있도록 만든 통
1317,浴,沐浴湯,목욕탕,목욕할 수 있는 시설을 갖추어 놓고 영업을 하는 곳
1318,浴,海水浴場,해수욕장,물놀이를 할 수 있는 환경과 시설을 갖춘 바닷가
1319,浴,浴室,욕실,목욕할 수 있는 시설을 갖춘 방
1320,外,內外,내외,"수량을 나타내는 말 뒤에 쓰여, 그것에 약간 넘거나 덜함을 나타내는 말"
1321,外,外部,외부,물체나 일정한 범위의 바깥쪽
1322,外,外國,외국,자기 나라가 아닌 다른 나라
1323,外,外的,외적,물체나 일정한 범위의 바깥쪽과 관련되는
1324,外,海外,해외,"바다 밖이라는 뜻으로, 다른 나라를 이르는 말"
1325,待,待接,대접,음식을 차려 손님을 모심
1326,待,待遇,대우,사회적 관계에 따라 적절히 남을 대함
1327,待,招待,초대,어떤 모임에 참석해 줄 것을 청함
1328,待,期待,기대,어떤 일이나 대상이 원하는 대로 되기를 바라고 기다림
1329,待,待機,대기,때나 기회가 생기기를 기다림
1330,題,宿題,숙제,학교에서 배운 것의 복습과 예습 및 과외 학습을 목적으로 내 주는 과제
1331,題,課題,과제,부과된 일
1332,題,話題,화제,남의 입에 오르내리며 이야기의 대상이 되는 문제
1333,題,主題,주제,창의적인 예술 작품에 나타나는 중심 사상
1334,題,問題,문제,해답을 요구하는 물음
1335,流,流通,유통,재화나 용역 따위가 생산자로부터 소비자에 도달하기까지 여러 단계에서 교환되고 분배되는 활동
1336,流,交流,교류,"여러 분야에서 이룩된 문화나 사상 따위의 성과나 경험 등을 나라, 지역, 개인 간에 서로 주고받음"
1337,流,氣流,기류,상황이나 상태의 움직임
1338,流,流出,유출,중요한 내용이나 사물이 외부로 새어 나감
1339,流,流入,유입,물이 어떤 곳으로 흘러들어 옴
1340,母,母胎,모태,사물이 발생하거나 발전하는 데 근거가 되는 토대를 비유적으로 이르는 말
1341,母,父母,부모,아버지와 어머니
1342,母,姨母,이모,어머니의 자매를 가리키거나 부르는 말
1343,母,母體,모체,아이를 가진 어머니의 몸
1344,母,姑母,고모,아버지의 여자 형제를 가리키거나 부르는 말
1345,急,急騰,급등,물가 따위가 갑자기 오름
1346,急,緊急,긴급,매우 급함
1347,急,急增,급증,수량이 갑자기 늘어남
1348,急,急流,급류,물살이 급한 강물이나 냇물
1349,急,急進的,급진적,변화나 발전의 속도가 매우 빠르게 이루어지는
1350,戰,挑戰,도전,정면으로 맞서 싸움을 걺
1351,戰,戰線,전선,"전쟁에서, 직접 전투가 벌어지는 지역이나 그런 지역을 가상적으로 연결한 선"
1352,戰,戰爭,전쟁,나라나 단체들 사이에서 무력을 써서 행하는 싸움
1353,戰,交戰,교전,서로 병력을 가지고 전쟁을 함
1354,戰,作戰,작전,어떤 일을 이루기 위하여 필요한 조치나 방법을 강구하는 일
1355,美,美術,미술,"아름다움을 시각적, 조형적으로 표현하는 예술"
1356,美,美軍,미군,미국 군대
1357,美,美德,미덕,도덕적으로 바르고 아름다운 일
1358,美,對美,대미,"일부 명사 앞에서 관형어로 쓰여, ‘미국에 대한’ 또는 ‘미국을 상대로 하는’의 뜻을 나타내는 말"
1359,美,美的,미적,인간의 감각 기관을 통해 얻어지는 아름다움과 관련이 있는
1360,停,停止,정지,움직이고 있던 물체가 움직임을 멈춤
1361,停,停年,정년,"직장에서, 직원이 퇴직하도록 정해져 있는 나이"
1362,停,調停,조정,대립되는 둘 사이의 분쟁을 중간에서 조절하여 타협할 수 있도록 화해시킴
1363,停,停留場,정류장,"자동차, 전차 따위가 사람을 태우고 내리게 하기 위하여 멈추는 일정한 장소"
1364,停,停車場,정거장,승객이 오르내리거나 화물을 싣고 내리기 위하여 열차나 그 밖의 탈것들이 정거하게 되어 있는 곳
1365,永,永遠,영원,어떤 상태가 끝없이 이어짐
1366,永,永永,영영,영원히 언제까지나
1367,永,永久的,영구적,오랫동안 변하지 않고 계속되는 것
1368,永,永久,영구,오랫동안 계속되어 끝없음
1369,永,永生,영생,영원히 삶
1370,宿,宿題,숙제,학교에서 배운 것의 복습과 예습 및 과외 학습을 목적으로 내 주는 과제
1371,宿,寄宿舍,기숙사,학교나 공장 같은 곳에 딸려 있어 그 구성원들이 먹고 잘 수 있도록 마련한 집
1372,宿,宿命,숙명,"날 때부터 타고난, 정해진 운명"
1373,宿,宿所,숙소,집을 떠난 사람이 임시로 묵는 곳
1374,宿,下宿,하숙,일정한 돈을 내고 남의 집 방에 머물며 먹고 자고 하는 일
1375,切,切斷,절단,자르거나 베어서 끊음
1376,切,親切,친절,대하는 태도가 매우 친근하고 다정함
1377,切,切迫感,절박감,"어떤 일이나 시기가 가까이 닥쳐, 여유가 없이 다급한 느낌"
1378,切,一切,일체,모든 것
1379,切,一切,일절,"부인하거나 금지하는 말과 어울려, ‘아주’, ‘도무지’, ‘전혀’, ‘절대로’의 뜻으로 쓰는 말"
1380,醫,醫療,의료,의술로 병을 고치는 일
1381,醫,醫藥,의약,의술과 약품을 아울러 이르는 말
1382,醫,醫學,의학,"인체의 구조나 기능, 질병, 치료, 예방, 건강 유지의 방법이나 기술 따위를 연구하는 학문"
1383,醫,醫師,의사,면허를 얻어 의술과 약으로 병을 진찰하고 치료하는 사람
1384,醫,醫藥品,의약품,병이나 상처의 치료 또는 예방을 위하여 먹거나 바르거나 주사하는 일체의 물질
1385,特,特殊,특수,"일부 명사 앞에서 관형어로 쓰여, ‘보통과는 특별히 다른’의 뜻을 나타내는 말"
1386,特,特別,특별,일반적인 것과 아주 다름
1387,特,特權,특권,"어떤 신분이나 지위, 자격이 있는 사람만이 누리는 특별한 권리나 이익"
1388,特,特性,특성,한 대상을 특징짓는 고유한 성질
1389,特,特定,특정,특별히 지정함
1390,銀,銀行,은행,금융 기관의 하나
1391,銀,水銀,수은,"아연족 원소의 하나로, 상온에서 액체 상태로 있는 유일한 금속 원소"
1392,銀,銀行員,은행원,은행의 업무에 종사하는 직원
1393,銀,銀河,은하,천구상에 남북으로 길게 보이는 수억 개의 항성 무리
1394,銀,銀行長,은행장,은행을 대표하는 직무상의 최고 책임자
1395,代,代價,대가,어떤 일에 들인 노력이나 희생에 대해 받는 값
1396,代,代表,대표,조직이나 집단을 대신하여 일을 하거나 생각을 드러냄
1397,代,時代,시대,어떤 기준에 의하여 구분한 일정한 기간
1398,代,世代,세대,같은 시대에 살면서 공통의 의식을 가지는 비슷한 연령층의 사람들
1399,代,現代,현대,지금 이 시대
1400,北,敗北,패배,싸움에서 짐
1401,北,北韓,북한,남북으로 분단된 대한민국의 휴전선 북쪽 지역을 가리키는 말
1402,北,北方,북방,북쪽 지방
1403,北,南北,남북,남한과 북한을 아울러 이르는 말
1404,北,對北,대북,북쪽 또는 북한을 상대로 함
1405,章,腕章,완장,자격이나 지위 등을 나타내기 위하여 천이나 비닐로 만들어 팔에 두르는 띠
1406,章,圖章,도장,"이름이나 글자를 나무, 뿔, 고무 따위에 새겨 표지나 증명을 나타내는 물건"
1407,章,勳章,훈장,나라나 사회에 공로가 있는 사람에게 그 일을 기리기 위하여 내려 주는 휘장
1408,章,憲章,헌장,어떠한 사실에 대하여 이상으로서 규정한 원칙을 선언한 규범
1409,章,文章,문장,"일반적으로 어, 구, 절과 함께 문법을 나타내는 언어 단위의 하나"
1410,歷,履歷,이력,어떤 이가 살아오면서 이룩한 학업이나 종사했던 직업 따위의 발자취
1411,歷,歷史,역사,인류 사회의 발전과 관련된 의미 있는 과거 사실들에 대한 인식
1412,歷,經歷,경력,지금까지 겪거나 거쳐 온 직업이나 학력 따위의 일
1413,歷,來歷,내력,어떤 사물이 지나온 유래
1414,歷,歷史的,역사적,인류 사회의 발전과 관련된 의미 있는 과거 사실들에 대한 인식이나 기록과 관련된 것
1415,兒,幼兒,유아,생후 1년부터 만 6세까지의 어린아이
1416,兒,孤兒,고아,부모를 여의고 홀로된 아이
1417,兒,兒童,아동,유치원에 다닐 나이에서 12~13세까지의 어린아이
1418,兒,胎兒,태아,모체의 태 속에서 자라고 있는 아이
1419,兒,育兒,육아,어린아이를 기름
1420,終,最終,최종,"어떤 일이나 시간, 순서 등의 맨 끝"
1421,終,終末,종말,계속되어 온 일이나 현상의 마지막
1422,終,終日,종일,아침부터 저녁까지
1423,終,始終,시종,처음부터 끝까지
1424,終,最終的,최종적,맨 나중의 것
1425,陽,太陽,태양,"태양계의 중심에 있으며, 지구를 비롯한 8개의 행성을 거느리고 있는 항성"
1426,陽,陰陽,음양,우주 만물을 만들어 내는 상반된 성질의 두 가지 기운으로서의 음과 양을 아울러 이르는 말
1427,陽,漢陽,한양,서울의 옛 이름
1428,陽,夕陽,석양,해가 질 무렵의 해
1429,陽,陽地,양지,따뜻한 볕이 바로 드는 곳
1430,米,米穀,미곡,벼의 껍질을 벗긴 알갱이
1431,米,玄米,현미,벼의 겉껍질만 벗겨 낸 쌀
1432,米,米飮,미음,입쌀이나 좁쌀에 물을 많이 넣고 푹 끓여 체에 밭친 음식
1433,米,白米,백미,깨끗하고 희게 찧은 멥쌀
1434,米,精米所,정미소,곡식을 찧거나 빻는 곳
1435,天,天國,천국,"하느님이나 신불이 있다는, 하늘의 이상적인 세계"
1436,天,天障,천장,지붕의 안쪽이나 상층의 바닥을 감추기 위하여 그 밑에 설치한 덮개
1437,天,天才,천재,선천적으로 보통 사람보다 아주 뛰어난 정신 능력이나 재주
1438,天,天地,천지,사람이 사는 세상의 영역
1439,天,天下,천하,하늘 아래 온 세상
1440,件,條件,조건,어떠한 일이 진행되거나 성립되는 데 갖추어야만 할 상태나 요소
1441,件,事件,사건,사회적으로 문제가 되거나 관심을 끌 만한 일
1442,件,物件,물건,일정한 형체를 갖춘 물질적 대상
1443,件,與件,여건,주어진 조건
1444,件,件數,건수,일이나 사건 따위의 가짓수
1445,作,作用,작용,어떤 현상이나 운동을 일으킴
1446,作,作業,작업,일정한 목적과 계획 아래 육체적이거나 정신적인 일을 함
1447,作,作戰,작전,어떤 일을 이루기 위하여 필요한 조치나 방법을 강구하는 일
1448,作,作品,작품,예술 창작의 결과물
1449,作,作者,작자,책이나 문예 작품 따위를 지은 사람
1450,口,窓口,창구,중간에서 양편을 연결해 주거나 이어 주는 것을 비유적으로 이르는 말
1451,口,食口,식구,같은 집에서 살며 끼니를 함께 하는 사람
1452,口,人口,인구,한 나라 또는 일정 지역 안에 사는 사람의 총수
1453,口,家口,가구,"수 관형사 뒤에서 의존적 용법으로 쓰여, 현실적으로 주거 및 생계를 같이하는 사람들로 이루어진 집단을 세는 단위를 나타내는 말"
1454,口,入口,입구,들어가는 어귀
1455,實,實驗,실험,과학에서 이론이나 가설 따위가 실제로 가능한지를 알아보기 위해 시험함
1456,實,事實,사실,실제로 발생했던 일이나 현재에 있는 일
1457,實,實力,실력,사람이 어떤 일을 실제로 해낼 수 있는 능력
1458,實,現實,현실,현재 실제로 존재하는 일이나 상태
1459,實,實情,실정,실제의 사정이나 정세
1460,書,讀書,독서,책을 읽음
1461,書,書類,서류,글자로 기록한 문서를 통틀어 이르는 말
1462,書,葉書,엽서,미래 창조 과학부가 일정한 규격의 용지에 우편 요금의 증표를 인쇄하여 발행하는 편지 용지
1463,書,書房,서방,‘남편1’을 낮추어 이르는 말
1464,書,文書,문서,글이나 기호 등으로 일정한 의사나 관념 또는 사상을 나타낸 것
1465,買,賣買,매매,물건을 팔고 삼
1466,買,購買,구매,물건이나 권리 따위를 돈을 주고 다른 사람으로부터 넘겨받음
1467,買,收買,수매,거두어 사들임
1468,買,買入,매입,물건을 사들임
1469,買,買收,매수,금품 따위로 남을 꾀어 자기편으로 만듦
1470,功,功勞,공로,어떤 목적을 이루는 데에 들인 노력이나 수고
1471,功,功德,공덕,착한 일을 많이 한 공과 불도를 닦은 덕
1472,功,成功,성공,목적하는 바를 이룸
1473,功,功臣,공신,나라를 위해 공을 세운 신하
1474,功,成功的,성공적,목적한 바를 이뤘다고 할 만한 것
1475,再,再建,재건,이미 없어졌거나 허물어진 건물이나 조직 따위를 다시 일으켜 세움
1476,再,再發,재발,어떤 일이 다시 생기거나 일어남
1477,再,再現,재현,사물이나 현상 따위가 다시 나타남
1478,再,再生,재생,낡거나 버리게 된 물건을 가공하여 다시 쓸 수 있게 만듦
1479,再,再開,재개,한동안 중단되었던 일이나 활동 따위를 다시 시작함
1480,村,村落,촌락,시골의 마을
1481,村,農漁村,농어촌,농촌과 어촌을 아울러 이르는 말
1482,村,農村,농촌,주민의 대부분이 농업을 생업으로 하는 마을
1483,村,地球村,지구촌,"문명의 발달로 온 인류가 서로 쉽게 왕래하고 통신할 수 있는 세상이라는 뜻에서 나온 말로, 지구를 한마을처럼 생각하여 쓰는 말"
1484,村,漁村,어촌,고기잡이를 하는 사람들이 모여 사는 바닷가 마을
1485,京,京畿,경기,우리나라 행정 구역인 도의 하나
1486,京,京釜高速道路,경부 고속 도로,서울과 부산을 잇는 고속 도로
1487,京,歸京,귀경,서울로 돌아가거나 돌아옴
1488,京,上京,상경,지방에서 서울로 올라감
1489,京,京仁,경인,서울과 인천
1490,州,州權主義,주권주의,"미국의 헌법사에서, 연방 정부의 권한을 좁게 해석하고 주의 권한을 넓게 해석하는 이론을 일반적으로 이르는 말"
1491,州,州立,주립,"미국 등의 나라에서 주의 경비로 세워 관리, 유지하는 것"
1492,州,自治州,자치주,"일부 국가에서, 주민 구성의 민족적 특성과 지역적 크기를 고려하여 헌법이 정한 범위 안에서 독자성을 가지고 자치를 실시하는 일정한 단위의 행정 구역"
1493,州,州立大,주립대,주에서 세워 직접 관리하고 운영하는 대학
1494,州,越州,월주,"중국 수나라 때, 주의 하나"
1495,卒,卒業,졸업,등록한 학교나 학원의 학업 과정을 마침
1496,卒,卒業式,졸업식,해당 교육 과정을 수료한 학생들에게 졸업장을 수여하기 위하여 치르는 의식
1497,卒,高卒,고졸,고등학교의 학업 과정을 마침
1498,卒,卒業生,졸업생,학교나 학원 따위에서 일정한 교과 과정을 모두 마친 사람
1499,卒,大卒,대졸,대학교 학업 과정을 마침
1500,耳,耳目口鼻,이목구비,"귀, 눈, 입, 코를 아울러 이르는 말"
1501,耳,耳鳴,이명,바깥 세계에 소리가 없는데도 귀에 잡음이 들리는 현상
1502,耳,耳目,이목,남들의 주의나 시선
1503,耳,石耳,석이,석이과 식물인 지의류에 속한 종
1504,耳,耳順,이순,사람의 나이 예순 살을 이르는 말
1505,理,管理,관리,사람을 통솔하고 지휘 감독함
1506,理,整理,정리,흐트러진 것이나 어수선한 것을 한데 모으거나 둘 자리에 두어서 질서 있는 상태가 되게 함
1507,理,理論,이론,사물이나 현상의 이치를 논리적으로 일반화한 체계
1508,理,物理的,물리적,구체적인 형태를 가지고 존재하는 대상과 관련이 있는 것
1509,理,論理,논리,생각이나 추론이 지녀야 하는 원리나 법칙
1510,工,工夫,공부,학문이나 기술 등을 배우고 익힘
1511,工,工場,공장,기계 따위의 생산 설비를 갖추고 노동자의 작업에 의해 원료나 재료를 가공하여 상품을 만들어 내는 곳
1512,工,工事,공사,토목이나 건축 등에 관한 일을 함
1513,工,工作,공작,일정한 목적을 위하여 미리 일을 꾸밈
1514,工,人工,인공,자연 그대로의 사물에 사람의 손길이나 힘을 가하여 바꾸어 놓는 일
1515,話,話題,화제,남의 입에 오르내리며 이야기의 대상이 되는 문제
1516,話,神話,신화,"어떤 신격을 중심으로 한, 하나의 전승적인 설화"
1517,話,話者,화자,말하는 사람
1518,話,對話,대화,서로 마주하여 이야기를 주고받음
1519,話,電話,전화,전화기를 통하여 말을 주고받음
1520,新,新郞,신랑,갓 결혼하였거나 곧 결혼하는 남자
1521,新,新聞,신문,세상에서 일어나는 새로운 사건이나 사실을 알리고 해설하는 정기 간행물
1522,新,新規,신규,새로이 어떤 일을 함
1523,新,新婦,신부,갓 결혼하였거나 곧 결혼하는 여자
1524,新,新人,신인,어떤 분야에 새로 등장한 사람
1525,産,財産,재산,"교환 가치를 지니는, 자기 소유의 모든 돈과 사물"
1526,産,産業,산업,"농업, 공업, 수산업, 임업, 광업 따위의 생산을 목적으로 하는 일"
1527,産,生産,생산,자연자원이나 가공물의 원재료를 이용하여 인간 생활에 필요한 많은 물품을 만들어 냄
1528,産,資産,자산,"개인이나 기업이 소유하고 있는 경제적 가치가 있는 유형, 무형의 재산"
1529,産,遺産,유산,"선조가 남긴 가치 있는 물질적, 정신적 전통"
1530,各,各其,각기,저마다 따로따로
1531,各,各各,각각,저마다 다 따로
1532,各,各種,각종,"주로 명사 앞에서 관형어로 쓰여, 여러 가지 종류의 뜻을 나타내는 말"
1533,各,各自,각자,각각의 사람 자신
1534,各,各地,각지,각 지방
1535,例,次例,차례,여럿을 선후 관계로 하나씩 벌인 순서
1536,例,慣例,관례,예로부터 굳어져 계속 전해 온 사례나 관습
1537,例,事例,사례,이전에 실제로 일어난 예
1538,例,例外,예외,일반적인 통례나 정해진 규칙에서 벗어남
1539,例,例年,예년,이전부터 지내 왔던 평상시의 해
1540,東,東海岸,동해안,우리나라 동해 바다를 따라서 잇닿아 있는 땅
1541,東,東西,동서,동쪽과 서쪽을 아울러 이르는 말
1542,東,東學,동학,조선 말기 1860년에 최제우가 제세구민의 뜻을 가지고 창건한 민족 종교
1543,東,東洋,동양,유럽 대륙의 동쪽에 위치한 아시아 지역
1544,東,東部,동부,어떤 지역의 동쪽 부분
1545,對,反對,반대,두 사물의 방향이나 속성 따위가 서로 맞섬
1546,對,對象,대상,어떤 일의 상대 또는 목표나 표적이 되는 것
1547,對,對應,대응,어떤 일이나 사태에 나름대로의 태도나 행동을 취함
1548,對,絶對,절대,대립되거나 비교될 만한 것이 없이 압도적으로 많은 상태
1549,對,相對,상대,서로 마주 대함
1550,色,色彩,색채,"물체가 빛을 받을 때, 빛의 파장에 따라 그 표면에 나타나는 특유의 빛"
1551,色,灰色,회색,재의 빛깔
1552,色,褐色,갈색,검은빛을 띤 주황색
1553,色,氣色,기색,어떤 마음의 작용으로 드러나는 얼굴빛
1554,色,綠色,녹색,청색과 황색의 중간색
1555,選,選擧,선거,일정한 조직이나 집단의 구성원이 그 대표자나 임원 등을 투표 등의 방법으로 가려 뽑는 행위
1556,選,選擇,선택,여럿 가운데서 골라 뽑음
1557,選,選定,선정,여럿 가운데 어떤 것을 가려서 뽑음
1558,選,選手,선수,많은 사람들 중에서 대표로 뽑혀 운동 경기에 나가는 사람
1559,選,大選,대선,대통령을 뽑는 선거
1560,鮮,朝鮮,조선,이성계가 고려를 멸하고 세운 나라
1561,鮮,生鮮,생선,"말리거나 절이지 않은, 잡은 그대로의 성한 물고기"
1562,鮮,朝鮮族,조선족,중국에 사는 우리 겨레
1563,鮮,朝鮮朝,조선조,조선의 조정
1564,鮮,朝鮮人,조선인,"일제 강점기, 우리나라 사람을 이르던 말"
1565,放,追放,추방,어떤 좋지 않은 사회 현상이나 습관을 몰아내어 없앰
1566,放,放送,방송,전파나 유선을 이용하여 다수의 대중에게 음성이나 영상을 널리 보냄
1567,放,解放,해방,속박하거나 가두어 두었던 것을 풀어서 자유롭게 함
1568,放,放學,방학,학교에서 학기나 학년이 끝난 뒤 또는 더위나 추위를 피하기 위하여 여름이나 겨울에 수업을 일정 기간 동안 쉬는 일
1569,放,開放,개방,금지되거나 제한되어 있는 것을 풀어 자유롭게 함
1570,致,理致,이치,사물의 정당하고 당연한 조리
1571,致,景致,경치,눈에 보이는 자연과 세상 풍경의 모습
1572,致,誘致,유치,좋은 조건이나 말로 꾀거나 설득하여 사람이나 돈 따위를 끌어옴
1573,致,致命的,치명적,생명을 잃을 정도의 것
1574,致,一致,일치,서로 꼭 맞음
1575,擧,選擧,선거,일정한 조직이나 집단의 구성원이 그 대표자나 임원 등을 투표 등의 방법으로 가려 뽑는 행위
1576,擧,檢擧,검거,수사 기관이 범죄를 저질렀으리라 의심을 받는 사람을 잡아 억류함
1577,擧,擧動,거동,몸을 움직임
1578,擧,選擧法,선거법,각종 선거에 관한 법률
1579,擧,大擧,대거,한꺼번에 아주 많이
1580,練,未練,미련,품었던 감정이나 생각을 딱 끊지 못함
1581,練,練習,연습,학문이나 기예 따위가 익숙하도록 되풀이하여 익힘
1582,練,修練場,수련장,정신 수양이나 운동 따위를 통해서 몸과 마음을 힘써 닦아 기르기 위해 마련한 곳
1583,練,練習室,연습실,연습을 하기 위해 마련된 방
1584,練,訓練場,훈련장,무예나 기술 등을 가르쳐 익히게 하기 위해 마련한 장소
1585,畫,時事漫畫,시사만화,사회에서 일어난 여러 가지 일을 해학적이고 풍자적으로 그린 만화
1586,畫,漫畫鳥,만획조,황새목 저어샛과에 속한 큰 새
1587,畫,三次元映畫,삼차원 영화,삼차원적인 시각적 환영을 제공하는 영화나 영화 기법
1588,畫,錄畫報道,녹화 보도,"사회적, 정치적으로 의의 있는 사건이나 행사, 사실 등을 녹화해서 보여 주는 텔레비전 방송 보도"
1589,畫,擴大映畫,확대 영화,"언더그라운드 영화 가운데 아방가르드적인 성격이 더욱 강화된 실험 영화의 한 형태. 비디오테이프나 컴퓨터 따위의 다양한 매체 혼합을 통해 추상적인 영화 형식을 창조하려는 장르이다. 프레임의 수를 줄이거나 늘려서 얻는 효과나 반복 이미지의 사용 따위로 영상적 지각의 경험을 확장하여 새로운 시각적 비전을 제시하려고 한다. 비평가 영블러드(Youngblood, G.)가 ‘확장된 의식’을 뜻하는 말로 최초로 사용하였다."
1590,明,糾明,규명,사실의 원인이나 진상을 캐고 따지어 밝힘
1591,明,照明,조명,빛으로 밝게 비춤
1592,明,辨明,변명,어떤 잘못이나 실수에 대하여 이런저런 구실을 대며 까닭을 말함
1593,明,證明,증명,"어떤 사항, 판단, 이유 등에 대하여 그것의 진위를 증거를 들어서 밝힘"
1594,明,說明,설명,어떤 일의 내용이나 이유 따위를 상대편이 잘 알 수 있도록 밝혀 말함
1595,勞,慰勞,위로,남의 괴로움이나 슬픔을 달래 주려고 따뜻한 말이나 행동을 베풂
1596,勞,勞使,노사,노동자와 사용자를 아울러 이르는 말
1597,勞,疲勞,피로,일에 시간과 힘을 지나치게 많이 사용해서 정신이나 육체 따위가 지쳐서 고단함
1598,勞,勞動者,노동자,노동력을 제공한 대가로 임금을 받아 생활을 유지하는 사람
1599,勞,勞動,노동,몸을 움직여 일을 함
1600,可,可及的,가급적,할 수 있는 대로
1601,可,許可,허가,공적인 입장이나 윗사람의 입장에서 어떤 행동이나 일을 할 수 있게 함
1602,可,可能,가능,해낼 수 있음
1603,可,不可,불가,가능하지 않음
1604,可,可能性,가능성,일이 이루어지거나 실현될 수 있는 성질이나 정도
1605,意,注意,주의,마음에 새겨 두고 조심함
1606,意,意識,의식,깨어 있는 상태에서 자기 자신이나 사물에 대하여 인식하는 작용
1607,意,意味,의미,어떤 말이나 글이 나타내고 있는 내용
1608,意,同意,동의,다른 사람의 행위를 승인하거나 시인함
1609,意,意見,의견,어떤 사물 현상에 대하여 자기 마음에서 판단하여 가지는 생각
1610,世,世紀,세기,일정한 역사적 시대
1611,世,世界,세계,지구 위의 모든 나라
1612,世,身世,신세,일신상에 관련된 처지나 형편
1613,世,世代,세대,같은 시대에 살면서 공통의 의식을 가지는 비슷한 연령층의 사람들
1614,世,世上,세상,생명체가 살고 있는 지구
1615,七,七旬,칠순,십 년씩 일곱 번을 지낸 해
1616,七,北斗七星,북두칠성,큰곰자리의 일곱 개의 별
1617,七,七月,칠월,한 해의 일곱째 달
1618,七,七十,칠십,‘십’의 일곱 배가 되는 수
1619,七,七八,칠팔,대강 어림쳐서 일곱이나 여덟쯤
1620,然,偶然,우연,뜻하지 않게 일어난 일
1621,然,必然的,필연적,사물이나 사건 따위가 반드시 그렇게 될 수밖에 없는 것
1622,然,果然,과연,결과적으로 사실로
1623,然,自然,자연,사람의 힘을 더하지 않은 저절로 된 그대로의 현상
1624,然,自然的,자연적,인간이나 다른 주체에 의해 어떤 작용이 가해지지 않은 자연 상태 그대로인 것
1625,角,總角,총각,"상투를 틀지 않은 남자라는 뜻으로, 결혼하지 않은 성년 남자를 이르는 말"
1626,角,角度,각도,어떤 상황이나 사물에 대한 생각의 방향이나 관점
1627,角,視角,시각,사물이나 현상을 바라보거나 파악하는 각도 또는 입장
1628,角,一角,일각,한 귀퉁이 또는 한 부분
1629,角,三角形,삼각형,일직선 위에 있지 않은 세 점을 연결한 직선으로 이루어진 평면 도형
1630,類,類型,유형,공통되는 성질이나 특징을 가진 것들을 묶은 하나의 틀
1631,類,種類,종류,일정한 특질에 따라 나뉘어지는 사물의 갈래
1632,類,書類,서류,글자로 기록한 문서를 통틀어 이르는 말
1633,類,分類,분류,사물을 종류에 따라 가름
1634,類,人類,인류,사람을 동물의 한 종류로서 다른 동물과 구별하여 이르는 말
1635,運,幸運,행운,좋은 운수
1636,運,運動,운동,건강의 유지나 증진을 목적으로 몸을 움직이는 일
1637,運,運命,운명,인간을 포함한 우주의 일체를 지배한다고 생각되는 초인간적인 힘
1638,運,運營,운영,어떤 조직이나 그 조직의 일을 목적에 맞게 이끌어 경영함
1639,運,運用,운용,"돈이나 물건, 제도 따위를 쓰임새에 따라 부리어 씀"
1640,大,大會,대회,많은 사람이 일정한 때에 일정한 자리에 모여 행하는 행사
1641,大,最大,최대,"수나 양, 정도 따위가 가장 큼"
1642,大,大學,대학,최고급의 공공 교육 및 연구 기관
1643,大,大幅,대폭,이전과 비교해서 큰 차이가 나게
1644,大,大略,대략,줄거리만 추려서 간략하게
1645,中,中央,중앙,어떤 사물의 한가운데가 되는 곳
1646,中,中盤,중반,어떤 시기의 중간쯤 되는 단계
1647,中,中心,중심,중요하고 기본이 되는 부분
1648,中,中間,중간,어떤 일이 아직 끝나지 않아 진행 중인 상황
1649,中,集中,집중,한곳으로 모임
1650,信,信賴,신뢰,믿고 의지함
1651,信,信用,신용,어떤 말이나 행동을 믿을 만한 것으로 받아들임
1652,信,信念,신념,어떤 사상이나 생각을 굳게 믿으며 그것을 실현하려는 의지
1653,信,信號,신호,"일정한 부호나 표지, 소리, 몸짓 따위를 사용하여 특정한 내용이나 정보를 전달하거나 지시함"
1654,信,通信,통신,"우편, 전신, 전화 따위로 정보나 의사를 주고받음"
1655,時,時節,시절,일정한 시기나 때
1656,時,一時,일시,"주로 ‘일시에’의 꼴로 쓰여, ‘몰아서 한꺼번에’의 뜻을 나타내는 말"
1657,時,時代,시대,어떤 기준에 의하여 구분한 일정한 기간
1658,時,時間,시간,"과거, 현재, 미래로 이어져 머무름이 없이 일정한 빠르기로 무한히 연속되는 흐름"
1659,時,同時,동시,같은 때
1660,漢,怪漢,괴한,행동이나 차림새가 수상한 사내
1661,漢,漢陽,한양,서울의 옛 이름
1662,漢,門外漢,문외한,어떤 일에 전문적 지식이나 조예가 없는 사람
1663,漢,漢文,한문,한자로 쓰여진 글
1664,漢,漢字,한자,중국에서 만들어져서 사용되는 표의 문자
1665,王,王國,왕국,왕이 다스리는 군주제의 나라
1666,王,王妃,왕비,임금의 아내
1667,王,王子,왕자,임금의 아들
1668,王,國王,국왕,나라의 임금
1669,王,王朝,왕조,같은 왕가에 속하는 왕들의 계열
1670,計,計算,계산,어떤 일이 자기에게 이해득실이 있는지 따짐
1671,計,計劃,계획,"장차 벌일 일에 대해 구체적인 절차나 방법, 규모 따위를 미리 헤아려 구상함"
1672,計,設計,설계,계획을 세움
1673,計,時計,시계,시각을 나타내거나 시간을 재는 기계를 통틀어 이르는 말
1674,計,家計,가계,집안 살림을 꾸려 나가는 수단이나 형편
1675,汽,汽笛,기적,"기차나 배 따위에서, 증기의 힘으로 소리를 내는 신호 장치"
1676,汽,汽車,기차,기관차에 화차나 객차를 달아 선로를 통해 여객이나 화물을 실어나르는 차량
1677,汽,汽船,기선,증기 기관을 동력으로 하는 선박을 통틀어 이르는 말
1678,汽,汽車驛,기차역,기차가 출발하거나 정차하는 역
1679,汽,汽車票,기차표,기차를 탈 수 있음을 증명하는 표
1680,庭,庭園,정원,집안의 뜰이나 꽃밭
1681,庭,親庭,친정,시집간 여자의 본집
1682,庭,校庭,교정,학교의 뜰이나 운동장
1683,庭,家庭,가정,부부를 중심으로 그 부모나 자녀를 포함한 집단과 그들이 살아가는 물리적 공간인 집을 포함한 생활 공동체를 통틀어 이르는 말
1684,庭,家庭的,가정적,가정생활에 충실한 것
1685,山,山脈,산맥,큰 산들이 한 방향으로 길게 뻗쳐 있는 줄기
1686,山,山林,산림,수목이 집단적으로 생육하고 있는 산이나 숲
1687,山,泰山,태산,크고 많음을 비유적으로 이르는 말
1688,山,江山,강산,강과 산
1689,山,野山,야산,들 부근에 있는 나지막한 산
1690,牛,狂牛病,광우병,소의 전염성 뇌질환의 일종
1691,牛,牛乳,우유,소의 젖이나 그것을 살균하여 만든 음료
1692,牛,鬪牛,투우,투우사가 소를 상대로 싸우는 경기
1693,牛,韓牛,한우,소의 한 품종
1694,牛,鬪牛士,투우사,투우 경기에 참가하여 소와 싸우는 사람
1695,現,表現,표현,사상이나 감정 따위를 말이나 행동으로 드러내어 나타냄
1696,現,現代,현대,지금 이 시대
1697,現,現實,현실,현재 실제로 존재하는 일이나 상태
1698,現,現在,현재,과거도 미래도 아닌 지금의 시간
1699,現,現場,현장,어떤 일이나 사건이 실제로 일어나고 있거나 일어난 곳
1700,命,命令,명령,윗사람이 아랫사람에게 무엇을 하도록 시킴
1701,命,運命,운명,인간을 포함한 우주의 일체를 지배한다고 생각되는 초인간적인 힘
1702,命,壽命,수명,생물의 목숨
1703,命,致命的,치명적,생명을 잃을 정도의 것
1704,命,生命,생명,유기체가 태어나서 죽을 때까지의 살아 있는 상태
1705,財,財閥,재벌,재계에서 큰 세력을 가진 자본가나 기업가의 무리
1706,財,財産,재산,"교환 가치를 지니는, 자기 소유의 모든 돈과 사물"
1707,財,財團,재단,일정한 목적을 위하여 결합된 재산의 집단에 법적 인격이 부여된 법인
1708,財,財政,재정,국가 또는 공공 단체가 행정 활동이나 공공 정책의 시행에 필요한 재산을 조달하고 관리 사용하는 일체의 경제 활동
1709,財,財務,재무,재정에 관한 모든 사무
1710,救,救援,구원,어려움이나 위험에 빠진 사람을 돕거나 구하여 줌
1711,救,救濟,구제,어려움이나 위험에 빠진 사람을 돕거나 구하여 줌
1712,救,救助,구조,재난을 당하여 위기에 빠진 사람을 구해 줌
1713,救,救國,구국,위태롭게 된 나라를 구함
1714,救,救命,구명,위태로운 상황에 있는 사람의 목숨을 구함
1715,元,次元,차원,사물을 바라보거나 생각하는 입장
1716,元,元素,원소,동일한 원자 번호를 가지는 원자로 구성되는 물질종
1717,元,復元,복원,사물을 원래의 상태로 되돌림
1718,元,元來,원래,사물이 전해져 내려오는 내력의 맨 처음
1719,元,紀元前,기원전,"서력에서, 예수 그리스도가 태어난 해를 기원으로 하여 그 기원이 시작되기 이전을 이르는 말"
1720,團,團束,단속,"규칙, 법령, 명령 등을 어기지 않게 통제함"
1721,團,團體,단체,같은 목적을 위해 모인 무리
1722,團,集團,집단,일정한 역할을 가지고 여럿이 한데 모여 떼를 이룬 무리나 모임
1723,團,財團,재단,일정한 목적을 위하여 결합된 재산의 집단에 법적 인격이 부여된 법인
1724,團,工團,공단,"미리 공장용 부지를 조성한 후, 많은 공장을 유치하여 구성한 단지"
1725,十,數十,수십,‘십’의 여러 배가 되는 수
1726,十,十常,십상,열에서 아홉일 정도로 확률이 높다는 말
1727,十,二十,이십,‘십’의 두 배가 되는 수
1728,十,十餘,십여,"단위를 나타내는 말 앞에 쓰여, 그 수량이 열이 조금 넘음을 나타내는 말"
1729,十,三十,삼십,‘십’의 세 배가 되는 수
1730,査,搜査,수사,"검찰, 경찰에서 범죄의 혐의 유무를 알기 위해 증거를 수집하여 범인을 찾고자 활동함"
1731,査,審査,심사,"어떤 기준에 따라 자세히 조사하여 합격 여부나 타당성, 적법성 여부 따위를 가림"
1732,査,調査,조사,어떤 일이나 사실 또는 사물의 내용 따위를 명확하게 알기 위하여 자세히 살펴보거나 밝힘
1733,査,檢査,검사,어떤 일이나 사실의 옳고 그름이나 사물의 좋고 나쁨 따위를 살피거나 조사함
1734,査,監査,감사,법적 권한이 있는 기관이 단체나 조직의 업무 상황을 감독하고 조사함
1735,到,殺到,쇄도,손님이나 주문 따위가 한꺼번에 빠르고 세차게 몰려듦
1736,到,到着,도착,목적한 곳에 이르러 닿음
1737,到,到達,도달,목표한 곳이나 일정한 수준에 다다름
1738,到,到處,도처,여러 곳
1739,到,到來,도래,어떤 기회나 시기가 닥쳐옴
1740,八,八字,팔자,사람의 타고난 운수나 분수
1741,八,十中八九,십중팔구,"열 가운데 여덟이나 아홉이 그렇다는 뜻으로, 거의 예외 없이 대개가 그러함"
1742,八,八道,팔도,"조선 시대, 전국을 여덟 개로 나눈 행정 구역"
1743,八,八十,팔십,‘십’의 여덟 배가 되는 수
1744,八,八月,팔월,한 해의 여덟 번째 달
1745,林,森林,삼림,나무가 빽빽하게 많이 있는 숲
1746,林,林野,임야,재산적인 가치를 가진 산지
1747,林,山林,산림,수목이 집단적으로 생육하고 있는 산이나 숲
1748,林,密林,밀림,나무들이 빽빽하게 들어선 숲
1749,林,農林,농림,농업과 임업을 아울러 이르는 말
1750,族,種族,종족,같은 종류에 딸리는 생물 전체를 이르는 말
1751,族,親族,친족,촌수가 가까운 일가
1752,族,民族,민족,일정한 지역에서 오랜 세월 동안 공동생활을 하면서 언어와 문화상의 공통성에 기초하여 역사적으로 형성된 사회 집단
1753,族,民族的,민족적,민족과 관련이 있는
1754,族,家族,가족,"부부를 중심으로 하여 그로부터 생겨난 아들, 딸, 손자, 손녀 등으로 구성된 집단"
1755,言,言論,언론,"신문, 잡지, 방송 등을 통하여 뉴스나 사실을 알리거나 의견과 논의를 전개하여 여론을 형성하는 활동"
1756,言,宣言,선언,"회의나 경기 따위에서, 의장이나 심판이 회의나 경기의 시작 및 종료, 중단, 규칙 위반 여부 따위의 진행에 관련된 사항을 구성원 전체에게 공개적으로 알림"
1757,言,言語,언어,"인간의 사상이나 감정을 표현하고, 의사를 소통하기 위한 소리나 문자 따위의 수단"
1758,言,發言,발언,생각이나 의견 따위를 드러내어 말함
1759,言,證言,증언,사실을 말로 증명함
1760,遠,遠隔,원격,"시간적, 공간적으로 멀리 떨어져 있음"
1761,遠,遠征,원정,먼 곳으로 싸우러 감
1762,遠,望遠鏡,망원경,먼 곳의 물체를 확대하여 똑똑하게 보이도록 만든 광학 기계
1763,遠,永遠,영원,어떤 상태가 끝없이 이어짐
1764,遠,遠近,원근,먼 곳과 가까운 곳
1765,料,資料,자료,연구나 조사 등 어떤 일의 바탕이 되는 재료
1766,料,料理,요리,여러 가지 재료를 알맞게 맞추어 적절한 방식으로 음식을 만듦
1767,料,材料,재료,물건을 만들 때 바탕으로 사용하는 것
1768,料,無料,무료,값이나 삯이 필요 없음
1769,料,料金,요금,대가로 치르는 돈
1770,善,最善,최선,가장 좋고 훌륭함
1771,善,僞善,위선,겉으로만 착한 체를 하거나 거짓으로 꾸밈
1772,善,善心,선심,남에게 베푸는 후한 마음
1773,善,改善,개선,부족하거나 잘못된 것을 고치어 나아지게 함
1774,善,善意,선의,남에게 도움을 주고자 하거나 좋은 목적을 가진 착한 마음
1775,壇,講壇,강단,강의나 강연을 하는 곳으로서의 대학을 비유적으로 이르는 말
1776,壇,花壇,화단,화초를 심기 위하여 흙을 약간 높게 쌓아 만든 꽃밭
1777,壇,文壇,문단,문학을 전문으로 하는 사람들의 활동 무대나 분야
1778,壇,基壇,기단,건축물이나 비석 따위의 기초가 되는 단
1779,壇,敎壇,교단,학교 교사로서의 생활
1780,見,發見,발견,미처 보지 못했던 사물이나 알려지지 않은 사실을 찾아냄
1781,見,意見,의견,어떤 사물 현상에 대하여 자기 마음에서 판단하여 가지는 생각
1782,見,見解,견해,사물이나 현상을 바라보는 생각이나 입장
1783,見,偏見,편견,한쪽으로 치우친 공정하지 못한 생각이나 견해
1784,見,會見,회견,일정한 절차에 따라 서로 만나서 어떤 문제에 대해 의사를 전달하거나 견해를 밝힘
1785,赤,赤字,적자,수지 결산에서 수입보다 지출이 많음
1786,赤,赤道,적도,지구의 중심을 지나면서 지축과 직각을 이루도록 자른 단면이 지표와 만나는 선
1787,赤,赤色,적색,붉은 빛깔
1788,赤,赤十字,적십자,"전쟁 시에 인도적 차원에서 적군, 아군의 구별 없이 다치거나 병든 사람들을 구호할 목적으로 설립된 국제적인 민간 조직"
1789,赤,赤十字社,적십자사,"전쟁 시에 인도적 차원에서 적군, 아군의 구별 없이 다치거나 병든 사람들을 구호할 목적으로 설립된 국제적인 민간 조직"
1790,溫,溫突,온돌,아궁이에서 불을 때면 불기운이 방바닥 밑으로 난 방고래를 통해 퍼지도록 하여 방바닥 전체를 덥게 하는 난방 장치
1791,溫,溫泉,온천,‘온천(2)’의 물로 목욕을 할 수 있게 설비가 된 장소
1792,溫,溫度,온도,차가움과 뜨거움의 정도를 나타내는 수치
1793,溫,氣溫,기온,대기의 온도
1794,溫,體溫,체온,동물체가 갖고 있는 몸의 온도
1795,結,結婚,결혼,남녀가 정식으로 부부 관계를 맺음
1796,結,結論,결론,생각이나 연구 끝에 최종적으로 판단을 내림
1797,結,結局,결국,끝에 이르러
1798,結,結合,결합,두 대상이 관계를 맺어 뭉치거나 합침
1799,結,結果,결과,어떤 원인으로 말미암아 이루어진 일의 상황이나 상태
1800,下,以下,이하,수량이나 단계 따위가 일정한 기준보다 적거나 아래인 것
1801,下,地下,지하,땅의 속
1802,下,低下,저하,어떤 수치나 수준 따위가 낮아짐
1803,下,天下,천하,하늘 아래 온 세상
1804,下,上下,상하,위와 아래를 아울러 이르는 말
1805,後,後輩,후배,같은 학교를 자기보다 나중에 들어오거나 졸업한 사람
1806,後,背後,배후,정면에 나서지 않고 뒤에서 어떤 일이나 행동을 조종하는 사람
1807,後,前後,전후,일정한 시점의 앞이나 뒤
1808,後,以後,이후,이제부터나 일정한 때로부터 뒤
1809,後,午後,오후,낮 열두 시부터 밤 열두 시까지의 동안
1810,以,以上,이상,"수량, 정도, 위치 등이 일정한 기준보다 더 많거나 낫거나 앞섬"
1811,以,以後,이후,이제부터나 일정한 때로부터 뒤
1812,以,以前,이전,그 시점보다 앞선 때
1813,以,以北,이북,한반도의 북위 38도 선 위쪽
1814,以,以下,이하,수량이나 단계 따위가 일정한 기준보다 적거나 아래인 것
1815,由,理由,이유,어떤 일을 일어나게 하는 까닭이나 근거
1816,由,緣由,연유,일의 까닭이나 이유
1817,由,事由,사유,어떤 일을 그렇게 하게 된 이유나 까닭
1818,由,自由,자유,남에게 구속을 받거나 무엇에 얽매이지 않고 자기 뜻에 따라 행동하는 것
1819,由,自由化,자유화,어떤 기준 따위가 제약이나 제한이 없어져 자유롭게 됨
1820,堂,講堂,강당,"강연이나 강의, 의식 등의 여러 행사를 치르는 건물이나 방"
1821,堂,堂叔,당숙,아버지의 사촌 형제
1822,堂,祠堂,사당,조상의 신주를 모셔 놓은 집
1823,堂,食堂,식당,음식 따위를 만들어 파는 가게
1824,堂,本堂,본당,주임 신부가 상주하는 성당
1825,束,約束,약속,장래의 일을 상대방과 미리 정하여 어기지 않을 것을 다짐함
1826,束,拘束,구속,"형사 소송법에서, 법원 또는 판사가 피고인이나 피의자를 강제로 일정한 장소에 잡아 가두는 일"
1827,束,團束,단속,"규칙, 법령, 명령 등을 어기지 않게 통제함"
1828,束,拘束令狀,구속 영장,범죄의 혐의가 있는 사람을 강제로 일정한 장소에 가두는 것을 허가하는 영장
1829,束,結束,결속,뜻이 같은 사람끼리 굳게 뭉침
1830,他,其他,기타,그 외에 또 다른 것
1831,他,排他的,배타적,한 개인이나 집단의 입장에 서서 그 외의 사람이나 집단을 제외하거나 배척하는 것
1832,他,他人,타인,자기 이외의 다른 사람
1833,他,餘他,여타,나머지 다른 것
1834,他,他者,타자,자기 외의 다른 사람
1835,唱,合唱,합창,여러 성부로 된 악곡의 각 성부를 여러 사람들이 각기 맡아 부름
1836,唱,獨唱,독창,혼자서 노래를 부름
1837,唱,主唱,주창,어떤 이론이나 사상을 나서서 주장함
1838,唱,名唱,명창,노래를 뛰어나게 잘 부르는 사람
1839,唱,合唱團,합창단,합창을 할 목적으로 조직된 단체
1840,成,成功,성공,목적하는 바를 이룸
1841,成,成長,성장,사람이나 동식물이 자라서 몸무게가 늘거나 키가 점점 커짐
1842,成,成績,성적,학생들이 배운 지식이나 기능 등이 평가된 결과
1843,成,構成,구성,여러 부분이나 요소들을 얽어 짜서 체계적인 하나의 통일체로 만듦
1844,成,成分,성분,물질의 바탕을 이루는 낱낱의 요소
1845,士,博士,박사,대학원의 박사 과정을 마치고 규정된 절차를 밟은 사람에게 수여하는 학위
1846,士,技士,기사,자동차를 직업적으로 운전하는 사람
1847,士,紳士,신사,품행과 예의가 바르며 점잖고 교양이 있는 남자
1848,士,戰士,전사,전쟁에서 싸우는 군사
1849,士,兵士,병사,부사관 이하 군인을 통틀어 이르는 말
1850,六,六十,육십,‘십’의 여섯 배가 되는 수
1851,六,十六强,십육강,"토너먼트 경기 방식에서, 준준결승에 올라갈 자격을 가리기 위해 싸우게 될 16명의 선수나 16개의 팀"
1852,六,六工,육공,여섯 가지 종류의 일에 종사하는 공인을 아울러 이르는 말
1853,六,六二五,육이오,1950년 6월 25일 새벽 북한 공산군이 남북 군사 분계선이던 38선 전역에 걸쳐 기습적으로 남침함으로써 일어난 한국에서의 전쟁
1854,六,五六,오륙,대강 어림쳐서 다섯이나 여섯쯤
1855,貯,貯藏,저장,물건이나 재화 따위를 모아서 쌓아 두거나 간수함
1856,貯,貯蓄,저축,소득 중에서 소비로 지출되지 않는 부분
1857,貯,貯金筒,저금통,주로 동전을 넣어 모아 둘 수 있게 만든 통
1858,貯,貯水池,저수지,강이나 골짜기의 물을 막거나 또는 수로 등으로 물을 끌어들여 만든 인공 못
1859,貯,貯金,저금,돈을 절약하여 모아 둠
1860,雲,雲霧,운무,구름과 안개
1861,雲,星雲,성운,윤곽이 또렷하지 않고 구름처럼 희게 보이는 천체
1862,雲,戰雲,전운,전쟁이 벌어지려는 살기 띤 형세
1863,雲,暗雲,암운,위험이나 파탄이 금방이라도 일어날 듯한 기미를 비유적으로 이르는 말
1864,雲,風雲,풍운,영웅이 세상에 나와 큰 뜻을 품고 힘을 발휘하는 기회를 비유적으로 이르는 말
1865,寒,酷寒,혹한,몹시 심한 추위
1866,寒,寒波,한파,겨울철에 온도가 갑자기 내려가면서 들이닥치는 추위
1867,寒,寒食,한식,동지로부터 105일째 되는 날
1868,寒,寒氣,한기,찬 기운
1869,寒,大寒,대한,일 년 중 날씨가 가장 춥다는 날
1870,都,首都圈,수도권,수도와 인접한 권역
1871,都,都大體,도대체,"주로 의문문에 쓰여, 놀람, 걱정, 궁금한 심정 등을 나타내는 말"
1872,都,都市,도시,"많은 인구가 모여 살며 일정 지역의 정치, 경제, 문화의 중심이 되는 곳"
1873,都,首都,수도,한 나라의 중앙 정부가 있는 곳
1874,都,都心,도심,도시의 중심부
1875,靑,靑寫眞,청사진,미래의 일이나 사업에 대한 희망적인 계획이나 구상 등을 비유적으로 이르는 말
1876,靑,靑色,청색,맑은 하늘이나 바다와 같은 빛깔
1877,靑,靑春,청춘,한창 젊고 건강한 나이 또는 그런 시절을 봄철에 비유하여 이르는 말
1878,靑,靑少年,청소년,미성년의 젊은이들을 통틀어서 이르는 말. 흔히 십 대의 젊은이를 일컫는다.
1879,靑,靑年,청년,신체적으로나 정신적으로 한창 힘이 넘치는 때에 있는 사람
1880,白,白紙,백지,아무것도 쓰거나 그리지 않은 종이
1881,白,自白,자백,자기의 허물이나 죄 따위를 스스로 고백함
1882,白,告白,고백,마음속에 숨긴 일이나 생각한 바를 사실대로 솔직하게 말함
1883,白,空白,공백,아무것도 없이 비어 있음
1884,白,黑白,흑백,검은빛과 흰빛을 아울러 이르는 말
1885,給,供給,공급,물품이나 물질을 일정한 곳에 제공하거나 대어 줌
1886,給,俸給,봉급,직장에서 계속 근무하는 사람이 그 일의 대가로 정기적으로 받는 일정한 돈
1887,給,給與,급여,"관공서나 회사 따위에서, 근무자에게 일의 대가로 주는 급료나 수당"
1888,給,支給,지급,돈이나 물건 따위를 정해진 몫만큼 내줌
1889,給,月給,월급,일한 대가로 다달이 받는 급여
1890,海,海邊,해변,바닷가 또는 바닷가의 지방
1891,海,海岸,해안,바다와 맞닿은 부분의 육지
1892,海,海洋,해양,넓고 큰 바다
1893,海,航海,항해,배를 타고 바다 위를 다님
1894,海,海外,해외,"바다 밖이라는 뜻으로, 다른 나라를 이르는 말"
1895,充,擴充,확충,늘이고 넓혀 충실하게 함
1896,充,充當,충당,모자라는 것을 보충하여 메움
1897,充,補充,보충,모자라는 것을 보태어 채움
1898,充,充足,충족,"욕구나 기대, 조건 따위를 충분하게 채움"
1899,充,充員,충원,인원을 더 뽑아 채움
1900,害,被害,피해,"재산, 명예, 신체 따위에 손해를 입음"
1901,害,妨害,방해,남의 일을 잘못되게 하거나 못하게 함
1902,害,侵害,침해,남의 권리나 재산 따위를 함부로 침범하여 손해를 끼침
1903,害,損害,손해,물질적으로나 정신적으로 본디보다 덜어지거나 나빠져 해롭게 됨
1904,害,公害,공해,"급속한 산업화에 따라 공장의 폐수, 자동차의 매연과 소음, 각종 쓰레기 등으로 자연환경이 오염되어 입는 인위적인 재해"
1905,出,出發,출발,일을 시작해 나감
1906,出,出身,출신,직업이나 학교 등에 사회적으로 속해 있던 내력
1907,出,支出,지출,어떤 목적을 위하여 돈을 지급하는 일
1908,出,輸出,수출,자국의 물품이나 상품 따위를 다른 나라에 팔아 내보냄
1909,出,進出,진출,어떤 분야나 방면에 나아가 활동하기 시작함
1910,習,習慣,습관,오랫동안 되풀이하여 몸에 익은 채로 굳어진 개인적 행동
1911,習,練習,연습,학문이나 기예 따위가 익숙하도록 되풀이하여 익힘
1912,習,習性,습성,오랫동안 되풀이하여 몸에 익은 채로 굳어진 개인적 행동
1913,習,學習,학습,"과거의 경험을 통해서 새로운 지식, 기술을 배워서 익힘"
1914,習,風習,풍습,풍속과 습관을 아울러 이르는 말
1915,敗,失敗,실패,원하는 결과를 얻지 못하거나 뜻한 대로 되지 않고 그르침
1916,敗,敗北,패배,싸움에서 짐
1917,敗,勝敗,승패,승리와 패배를 아울러 이르는 말
1918,敗,腐敗,부패,유기물이 미생물에 의하여 불완전 분해를 하여 악취가 나고 유독성 물질이 생기는 과정
1919,敗,成敗,성패,일의 성공과 실패
1920,短,短點,단점,모자라고 허물이 되는 점
1921,短,短縮,단축,시간이나 거리가 줄어듦
1922,短,短期,단기,짧은 기간
1923,短,短篇,단편,단일한 주제를 가지고 단일한 효과를 노려서 표현하는 길이가 짧은 소설
1924,短,短期的,단기적,짧은 기간에 걸치는 것
1925,朗,朗誦,낭송,글을 소리 내어 외거나 읽음
1926,朗,朗報,낭보,기쁜 기별이나 반가운 소식
1927,朗,朗讀,낭독,글을 소리 내어 읽음
1928,朗,明朗,명랑,유쾌하고 쾌활함
1929,朗,朗佛,낭불,낭가와 불가 사상을 아울러 이르는 말
1930,貴,稀貴,희귀,드물어서 매우 귀함
1931,貴,貴賓,귀빈,지위가 높거나 소중한 손님
1932,貴,富貴,부귀,재산이 넉넉하고 지위가 높음
1933,貴,貴族,귀족,"혈통, 문벌, 공적 등에 의해 정치적, 사회적 특권을 가지게 된 사람"
1934,貴,貴婦人,귀부인,신분이 높거나 재산이 많은 집의 부인
1935,葉,落葉,낙엽,나무나 꽃으로부터 이미 떨어진 잎
1936,葉,葉書,엽서,미래 창조 과학부가 일정한 규격의 용지에 우편 요금의 증표를 인쇄하여 발행하는 편지 용지
1937,葉,末葉,말엽,"어떤 시대나 세기를 셋으로 구분할 때, 그 마지막 무렵"
1938,葉,葉錢,엽전,"예전에 사용하던, 놋쇠로 만든 돈"
1939,葉,中葉,중엽,"일정한 시대나 세기 따위에서, 그 중간이 되는 시기"
1940,強,強化痲醉,강화 마취,"1950년대 초 프랑스의 라보리(Laborit, H.)가 인공 동면을 제안했던 무렵에 이루어진 마취법. 마취를 할 때 크롤마진 따위의 페노타이아진 유도체와 전신 마취 약을 같이 쓰면 전신 마취 약의 작용이 강화된다. 따라서 마취 약을 소량으로 써도 되며, 페노타이아진 유도체가 자율 신경 차단 작용을 하므로 생체 침습에 대한 과잉 반응을 억제할 수 있다."
1941,強,強制通風機,강제통풍-기,"연료 연소용 공기를 보일러 화로에 공급하고 연소된 가스를 굴뚝으로 배출시키는 데 필요한 통풍력을 주기 위하여 화로의 공기 취입구에서 공기를 불어 넣는 장치. 통풍기의 형식은 원심식의 터보 날개형이나 축류 팬 형식의 비교적 저압으로 풍량이 많은 것이 사용되며, 풍량 조절을 위하여 흡입구에 각도 불변형의 날개를 설치하는 방법, 구동 전동기의 변속에 의한 방법, 풍도 가까이에 설치하는 제어용 댐퍼를 이용하는 방법이 채택되고 있다."
1942,強,放射強度,방사 강도,"단위 시간에 점 방사원(放射源)에서 어떤 방향으로 방사하는 방사 에너지를 그 방향을 포함하는 단위 입체각당의 ‘방사속’으로 환산한 값. 기호는 , 단위는 W/sr로 나타낸다."
1943,強,強直性痲痹,강직성 마비,"건반사나 골막 반사와 같은 심부 반사가 매우 심해지고, 병적 반사가 나타나는 마비. 뇌 또는 척수의 추체로가 상해를 입는 질환인 뇌출혈ㆍ뇌연화ㆍ척수 질환, 특히 근위축성 측색 경화증과 경련성 척수 마비에서 볼 수 있다. 일반적으로 뇌에 상해를 입으면 몸의 한쪽에만 장애가 오고 척수에 이상이 생기면 양쪽에 장애가 오는데, 경련성 보행이나 경련성 대마비 따위를 일으킨다."
1944,強,小兒強迫症,소아 강박증,"어린아이에게 나타나는 강박증. 신경학적으로는 행동 조절을 담당하는 신경 전달 물질인 세로토닌의 조절 이상이 원인이며, 정신 분석학적으로는 부모의 지나치게 엄격한 통제로 인해 형성된 초자아의 비대에 따른 죄책감이 원인이다."
1945,語,言語,언어,"인간의 사상이나 감정을 표현하고, 의사를 소통하기 위한 소리나 문자 따위의 수단"
1946,語,語調,어조,말의 가락
1947,語,語彙,어휘,어떤 일정한 범위 안에서 쓰는 낱말의 수효
1948,語,國語,국어,우리나라의 언어
1949,語,用語,용어,특히 전문 분야에서 일정한 개념을 나타내기 위하여 사용하는 말
1950,觀,觀察,관찰,사물의 현상이나 동태 따위를 주의하여 잘 살펴봄
1951,觀,觀念,관념,어떤 사물이나 현상에 관한 견해나 생각
1952,觀,觀光,관광,"다른 지방이나 나라의 풍경, 풍물 따위를 구경하고 즐김"
1953,觀,客觀的,객관적,개인의 생각이나 감정에 치우치지 않고 사건이나 사물을 있는 그대로 보거나 생각하는 것
1954,觀,觀客,관객,공연이나 전시회 따위를 구경하는 사람
1955,百,百貨店,백화점,한 건물 안에 온갖 상품을 부문별로 나누어 진열하고 판매하는 대규모의 종합 상점
1956,百,百姓,백성,"예전에, 벼슬이 없는 상민을 이르던 말"
1957,百,數百,수백,‘백8’의 여러 배가 되는 수
1958,百,百萬,백만,‘만8’의 백 배가 되는 수
1959,百,百億,백억,‘억2’의 백 배가 되는 수
1960,參,參與,참여,어떤 일이나 모임에 참가하여 관계함
1961,參,參照,참조,관련된 사항을 더불어 살펴봄
1962,參,參席,참석,모임이나 자리에 참여함
1963,參,參加,참가,사람이 어떠한 모임이나 단체에 관계하여 들어감
1964,參,參加者,참가자,어떤 모임 또는 행사 따위에 참가한 사람
1965,兵,將兵,장병,장교와 사병을 아울러 이르는 말
1966,兵,兵力,병력,군대의 힘
1967,兵,義兵,의병,나라가 위급할 때 백성들이 스스로 조직한 군대
1968,兵,兵士,병사,부사관 이하 군인을 통틀어 이르는 말
1969,兵,一兵,일병,사병 계급의 하나
1970,良,優良,우량,물건의 품질이나 상태가 매우 좋음
1971,良,改良,개량,"질이나 구조, 성능 등을 고쳐 더 좋게 함"
1972,良,良心,양심,"어떤 행위에 대하여 옳고 그름, 선과 악을 구별하는 도덕적 의식이나 마음씨"
1973,良,不良,불량,"품질, 기능, 성적 따위가 좋지 못함"
1974,良,良心的,양심적,도덕적 의식이나 마음씨에 비추어 볼 때 행동이나 말이 거리낌이 없고 부끄럽지 않은 것
1975,男,男便,남편,결혼한 남자를 그 아내에 상대하여 이르는 말
1976,男,男妹,남매,오빠와 누이
1977,男,男性,남성,성의 측면에서 남자를 이르는 말
1978,男,男女,남녀,남자와 여자
1979,男,男子,남자,남성의 성을 지닌 사람
1980,位,位置,위치,사물이 일정한 곳에 자리를 차지함
1981,位,單位,단위,"사물의 길이, 넓이, 무게 등을 수치로 나타낼 때, 기본이 되는 기준"
1982,位,地位,지위,"어떤 단체나 조직, 사회에서 차지하는 직위나 위치"
1983,位,部位,부위,전체에 대하여 어떤 부분이 차지하는 위치
1984,位,品位,품위,"사회생활 과정에서 형성된 사회적 관념으로서, 사회 성원들이 각각의 지위나 위치에 따라 갖추어야 한다고 생각되는 품성과 교양의 정도"
1985,冬,冬至,동지,일 년 중 낮이 가장 짧고 밤이 가장 길다는 날
1986,冬,冬季,동계,겨울인 시기
1987,冬,冬眠,동면,동물이 겨울 동안 생활 활동을 멈추고 잠자는 것처럼 땅속 깊이 들어박힌 상태로 있음
1988,冬,春夏秋冬,춘하추동,"봄, 여름, 가을, 겨울의 네 철을 아울러 이르는 말"
1989,冬,立冬,입동,일 년 중 겨울이 시작된다는 날
1990,湖,湖畔,호반,호수와 땅이 맞닿은 곳
1991,湖,潟湖,석호,"사취, 사주 등에 의하여 바다와 거의 분리되면서 생긴 호수"
1992,湖,湖南圈,호남권,전라남도와 전라북도에 걸친 지역
1993,湖,江湖,강호,"은자나 시인, 묵객 등이 현실을 도피하여 생활하는 시골이나 자연을 비유적으로 이르는 말"
1994,湖,湖水,호수,땅이 우묵하게 파여 못이나 늪보다 깊고 넓게 물이 괴어 있는 곳
1995,女,處女,처녀,아직 결혼하지 않은 성숙한 여자
1996,女,女性,여성,성의 측면에서 여자를 이르는 말
1997,女,子女,자녀,아들과 딸을 아울러 이르는 말
1998,女,女人,여인,성인이 된 여자
1999,女,男女,남녀,남자와 여자
2000,罪,罪囚,죄수,죄를 짓고 교도소에 갇힌 사람
2001,罪,犯罪,범죄,법규를 어기고 저지른 죄
2002,罪,罪人,죄인,죄를 지은 사람
2003,罪,罪惡,죄악,죄가 될 만한 악
2004,罪,有罪,유죄,법원의 판결에 의하여 범죄 사실이 인정됨
2005,在,存在,존재,사람이나 사물이 실제로 현실에 있음
2006,在,在野,재야,야당의 입장에 있거나 제도권 정당에 속하지 않음
2007,在,現在,현재,과거도 미래도 아닌 지금의 시간
2008,在,不在,부재,있지 아니함
2009,在,所在,소재,사람이나 사물이 있는 곳
2010,原,原因,원인,어떤 사물이나 상태보다 먼저 존재하여 그것을 발생시키거나 변화시키는 일이나 사건
2011,原,原始,원시,원래의 처음
2012,原,原理,원리,사물이나 현상의 근본이 되는 이치
2013,原,原則,원칙,많은 경우에 두루 적용되는 기본적인 규칙이나 법칙
2014,原,原形,원형,본디의 모양
2015,技,技術,기술,어떤 원리나 지식을 자연적 대상에 적용하여 인간 생활에 유용하도록 만드는 구체적이고 실제적인 수단
2016,技,競技,경기,"일정한 규칙 아래 운동이나 기술, 기량 등을 겨루어 누가 잘하는지 우열을 가림"
2017,技,技士,기사,자동차를 직업적으로 운전하는 사람
2018,技,技術的,기술적,인간 생활에 유용하도록 어떤 원리나 지식을 자연적 대상에 적용하여 만드는 구체적이고 실제적인 수단에 관계가 있는
2019,技,技法,기법,기교를 부리거나 보이는 방법
2020,奉,奉仕,봉사,국가나 사회 또는 남을 위하여 자신을 돌보지 아니하고 애씀
2021,奉,信奉者,신봉자,어떤 교리나 사상을 옳다고 믿고 받드는 사람
2022,奉,自願奉仕,자원봉사,자기 스스로 나서서 국가나 사회 또는 타인에게 적극적으로 도움을 주는 일
2023,奉,奉仕團,봉사단,국가나 사회 또는 남을 위해 자신의 이해를 돌보지 않고 도움을 주고자 모인 사람들의 모임이나 단체
2024,奉,奉仕者,봉사자,어떤 대상이나 남을 위해 자신을 바쳐 일하는 사람
2025,落,落胎,낙태,태아를 인공적으로 자궁에서 없애 버림
2026,落,墜落,추락,사람이나 사물이 사고나 실수로 높은 곳에서 떨어짐
2027,落,沒落,몰락,번영하던 재력이나 세력 따위가 쇠하여 보잘것없이 됨
2028,落,落葉,낙엽,나무나 꽃으로부터 이미 떨어진 잎
2029,落,段落,단락,"글이나 음악, 영화 등의 이야기 진행 과정에서 내용상 일단 끊어지는 자리"
2030,小,小說,소설,사실이나 허구의 이야기를 작가의 상상력과 구성력을 가미하여 산문체로 쓴 문학의 한 갈래
2031,小,中小,중소,규모나 수준 따위가 중간치인 것과 그 아래인 것
2032,小,小品,소품,주로 장식용으로 쓰이는 작은 물품
2033,小,小型,소형,규격이나 규모가 작은 것
2034,小,最小限,최소한,더이상 적게 하거나 줄일 수 없는 정도
2035,表,表現,표현,사상이나 감정 따위를 말이나 행동으로 드러내어 나타냄
2036,表,表情,표정,얼굴에 드러나는 여러 가지 마음속의 심리와 감정의 모습
2037,表,代表,대표,조직이나 집단을 대신하여 일을 하거나 생각을 드러냄
2038,表,表面,표면,사물의 가장 바깥쪽 혹은 위쪽의 부분
2039,表,代表的,대표적,어떤 분야나 집단의 성질을 전형적으로 드러내는 것
2040,客,顧客,고객,"상점, 식당, 은행 따위에서 물건을 사거나 서비스를 받는 사람"
2041,客,乘客,승객,"배, 자동차, 열차, 비행기 따위를 타는 손님"
2042,客,客室,객실,숙박업소에서 손님이 거처하는 방
2043,客,客觀的,객관적,개인의 생각이나 감정에 치우치지 않고 사건이나 사물을 있는 그대로 보거나 생각하는 것
2044,客,觀客,관객,공연이나 전시회 따위를 구경하는 사람
2045,術,技術,기술,어떤 원리나 지식을 자연적 대상에 적용하여 인간 생활에 유용하도록 만드는 구체적이고 실제적인 수단
2046,術,藝術,예술,아름다움을 표현하고 창조하는 일에 목적을 두고 작품을 제작하는 모든 인간 활동과 그 산물을 통틀어 이르는 말
2047,術,手術,수술,병을 치료하기 위해 피부나 몸의 일부를 의료 기구로 자르거나 째거나 도려내거나 함
2048,術,美術,미술,"아름다움을 시각적, 조형적으로 표현하는 예술"
2049,術,學術,학술,"학문과 관계되는 기술이나 방법, 또는 그 이론"
2050,目,目標,목표,활동을 통하여 이루거나 도달하려는 실제적 대상으로 삼음
2051,目,目的,목적,이루려고 하는 일이나 방향
2052,目,注目,주목,관심을 가지고 주의하여 보거나 살핌
2053,目,題目,제목,"작품이나 저작, 강연 등에서 그 내용을 보이거나 대표하기 위하여 붙이는 이름"
2054,目,種目,종목,특정한 갈래에 따라 나눈 항목
2055,能,機能,기능,"생물체의 기관, 조직, 세포의 생활 활동이나 작용"
2056,能,能力,능력,어떤 일을 해낼 수 있는 힘
2057,能,才能,재능,재주와 능력을 아울러 이르는 말
2058,能,可能性,가능성,일이 이루어지거나 실현될 수 있는 성질이나 정도
2059,能,本能,본능,학습이나 경험에 의하지 않고 동물이 세상에 태어나면서부터 이미 갖추고 있는 행동 양식이나 능력
2060,身,當身,당신,듣는 이를 조금 높여 가리키는 말
2061,身,身世,신세,일신상에 관련된 처지나 형편
2062,身,身分,신분,개인의 사회적 지위나 자격
2063,身,自身,자신,"일부 대명사나 사람 명사의 뒤에서 ‘~ 자신’의 구성으로 쓰여, 바로 앞에 가리킨 그 사람임을 강조하여 이르는 말"
2064,身,出身,출신,직업이나 학교 등에 사회적으로 속해 있던 내력
2065,炭,炭鑛,탄광,석탄을 캐내는 광산
2066,炭,煉炭,연탄,"무연탄을 주원료로 하여 여기에 코크스, 목탄 따위의 다른 탄화물과 당밀, 피치, 석회 따위를 섞어서 가루로 만든 뒤 굳힌 원통형의 고체 연료"
2067,炭,炭素,탄소,주기율표 4족에 속하는 비금속 원소의 하나
2068,炭,二酸化炭素,이산화 탄소,탄소와 산소의 화합물의 하나
2069,炭,石炭,석탄,"오래전의 식물질이 땅속에 묻혀 땅의 열과 압력을 받아 분해되어 생성된, 흑색 또는 갈색의 가연성 광물질"
2070,島,群島,군도,일정한 지역 안에 흩어져 있는 크고 작은 섬의 무리
2071,島,半島,반도,삼면이 바다로 둘러싸이고 한 면은 육지에 연결된 땅
2072,島,列島,열도,길게 줄을 지은 모양으로 죽 늘어서 있는 여러 섬들
2073,島,落島,낙도,뭍에서 멀리 떨어진 외딴섬
2074,島,無人島,무인도,사람이 살지 않는 섬
2075,告,報告,보고,지시 또는 감독하는 자에게 주어진 일의 내용이나 결과 따위를 말이나 글로 알림
2076,告,告發,고발,가해자나 피해자가 아닌 제삼자가 어떤 범죄 사실을 경찰서나 검찰청에 신고하여 수사나 기소를 요구함
2077,告,警告,경고,조심하도록 미리 주의를 줌
2078,告,申告,신고,"회사, 학교, 관청 등의 기관 또는 그 기관의 상사 등에 일정한 사실을 진술하여 보고함"
2079,告,廣告,광고,"판매를 목적으로, 상품에 대한 정보를 여러 가지 매체를 통하여 소비자에게 널리 알리는 의도적인 활동"
2080,立,獨立,독립,나라나 단체가 완전한 자주권을 가짐
2081,立,樹立,수립,"국가나 정부, 제도, 기구, 단체 따위를 이룩하여 세움"
2082,立,立場,입장,어떤 관점의 바탕을 이루는 기본 테두리의 생각
2083,立,設立,설립,기관이나 조직체 따위를 새로 만들어 세움
2084,立,立地,입지,개인이나 단체 따위가 차지하고 있는 기반이나 지위
2085,偉,偉勳,위훈,뛰어난 공훈이나 업적
2086,偉,偉大性,위대성,"도량이나 능력, 업적 따위가 뛰어나고 훌륭한 특성"
2087,偉,偉業,위업,뛰어나고 훌륭한 사업이나 업적
2088,偉,偉人,위인,훌륭한 업적을 이룩한 뛰어난 사람
2089,偉,偉人傳,위인전,훌륭한 업적을 이룩한 뛰어난 사람의 삶과 업적 따위를 사실에 입각하여 적은 글
2090,旗,旗幟,기치,어떤 목적을 위하여 내세우는 사상이나 강령을 비유적으로 이르는 말
2091,旗,國旗,국기,나라를 상징하는 기
2092,旗,太極旗,태극기,우리나라의 국기
2093,旗,旗手,기수,"사회적인 활동 등에서, 앞장서서 이끌고 나가는 사람이나 단체를 비유적으로 이르는 말"
2094,旗,反旗,반기,반대의 뜻을 나타내는 행동이나 표시
2095,合,綜合,종합,"일부 명사 앞에서 관형어로 쓰여, 관련된 여러 가지의 것을 한데 모아 합침을 나타내는 말"
2096,合,合作,합작,둘 이상의 기업이 공동으로 출자하여 사업을 경영함
2097,合,結合,결합,두 대상이 관계를 맺어 뭉치거나 합침
2098,合,合理的,합리적,이치나 논리에 합당한 것
2099,合,合意,합의,어떤 문제나 일에 대해 서로의 의견이 일치함
2100,任,任務,임무,맡은 일
2101,任,責任,책임,맡아서 행해야 할 의무나 임무
2102,任,主任,주임,"어떤 분야에서 주가 되어, 맡은 일을 책임지고 관리하는 직위"
2103,任,任期,임기,임무를 맡아보는 일정한 기간
2104,任,新任,신임,어떤 직책에 새로 임명되거나 취임함
2105,亡,逃亡,도망,피하거나 쫓기어 달아남
2106,亡,亡身,망신,말이나 행동을 잘못하여 자기의 명예나 체면 따위가 손상을 입음
2107,亡,亡命,망명,"정치나 사상, 종교 등의 이유로 자기 나라에서 탄압이나 위협을 받는 사람이 이를 피해 다른 나라로 나감"
2108,亡,滅亡,멸망,국가나 민족 등이 망하여 없어짐
2109,亡,死亡,사망,사람의 목숨이 끊어짐
2110,便,郵便,우편,"미래 창조 과학부의 관할 아래, 편지 및 소포 따위의 물품을 일정한 절차에 따라 전국이나 전 세계에 보내는 업무"
2111,便,男便,남편,결혼한 남자를 그 아내에 상대하여 이르는 말
2112,便,形便,형편,한 개인이나 집단의 활동성을 규정하는 환경 요인들의 총체
2113,便,便紙,편지,"상대편에게 전하고 싶은 안부, 소식, 용무 따위를 적어 보냄"
2114,便,不便,불편,어떤 일을 하거나 무엇을 이용하기가 쉽지 않고 번거로움
2115,頭,頭痛,두통,머리가 아픈 증세
2116,頭,頭腦,두뇌,두개골 속에 보호되어 있으며 중추 신경계의 대부분을 차지하고 특정한 다수의 신경 세포가 집합하여 온몸의 신경을 지배하고 있는 부분
2117,頭,念頭,염두,마음의 속
2118,頭,埠頭,부두,바다나 강기슭에 배를 대어 뭍으로 사람이 타고 내리거나 짐을 싣고 부리도록 마련된 곳
2119,頭,先頭,선두,대열이나 행렬 또는 어떤 활동의 맨 앞
2120,勇,勇猛,용맹,씩씩하고 날래며 사나움
2121,勇,蠻勇,만용,사리를 분별하지 않고 함부로 날뛰는 용기
2122,勇,勇氣,용기,굳세고 씩씩한 기운
2123,勇,勇士,용사,용감한 병사
2124,勇,義勇軍,의용군,국가나 사회의 위급 상황에서 민간인의 자발적 참여로 조직되는 군대
2125,雪,雪糖,설탕,맛이 달고 물에 잘 녹는 결정체
2126,雪,暴雪,폭설,갑자기 한꺼번에 많이 내리는 눈
2127,雪,雪景,설경,눈이 내리거나 쌓인 경치
2128,雪,雪上加霜,설상가상,"눈이 내리는 위에 서리까지 더한다는 뜻으로, 어려운 일이나 불행이 겹쳐서 일어남을 비유적으로 이르는 말"
2129,雪,白雪,백설,하얀 눈
2130,門,關門,관문,다른 영역으로 나아가기 위하여 꼭 거쳐야 할 단계
2131,門,部門,부문,일정한 기준에 따라 큰 범위에서 갈라놓은 낱낱의 부류나 영역
2132,門,專門家,전문가,특정 분야의 일을 줄곧 해 와서 그에 관해 풍부하고 깊이 있는 지식이나 경험을 가지고 있는 사람
2133,門,專門,전문,한 분야에 대해 풍부하고 깊이 있는 지식과 경험을 가지고 그 일만을 함
2134,門,家門,가문,가족 또는 가까운 피붙이로 이루어진 공동체
2135,前,前後,전후,일정한 시점의 앞이나 뒤
2136,前,前提,전제,어떠한 사물이나 현상을 이루기 위하여 먼저 내세움
2137,前,午前,오전,밤 열두 시부터 낮 열두 시까지의 동안
2138,前,以前,이전,그 시점보다 앞선 때
2139,前,直前,직전,어떤 일이 일어나기 바로 전
2140,來,元來,원래,사물이 전해져 내려오는 내력의 맨 처음
2141,來,去來,거래,"상품이나 용역을 사고팔거나, 서로 돈을 융통함"
2142,來,來日,내일,오늘의 바로 다음날
2143,來,將來,장래,앞으로의 전망이나 가능성
2144,來,本來,본래,어떤 사물이 전하여 내려온 그 처음
2145,年,少年,소년,아주 어리지도 않고 완전히 성숙하지도 않은 사내아이
2146,年,靑年,청년,신체적으로나 정신적으로 한창 힘이 넘치는 때에 있는 사람
2147,年,年間,연간,한 해 동안
2148,年,來年,내년,올해의 바로 다음에 오는 해
2149,年,學年,학년,학교 제도에서 1년을 단위로 한 학습 기간의 구분
2150,黃,黃泉,황천,사람이 죽은 다음 그 혼이 가서 산다는 세상
2151,黃,黃金,황금,황색의 광택을 내는 금속의 한 가지
2152,黃,黃色,황색,황금이나 놋쇠의 빛과 비슷한 누른 빛깔
2153,黃,黃土,황토,붉은빛을 띤 누렇고 거무스름한 흙
2154,黃,黃昏,황혼,해가 뉘엿뉘엿하여 어두워질 무렵
2155,形,形便,형편,한 개인이나 집단의 활동성을 규정하는 환경 요인들의 총체
2156,形,形態,형태,사물의 생김새
2157,形,形式,형식,겉으로 나타나는 모양이나 격식
2158,形,原形,원형,본디의 모양
2159,形,人形,인형,사람의 형상을 본떠서 만든 물건
2160,效,效率的,효율적,들인 노력에 대해 얻은 결과의 비율이 높은
2161,效,效果,효과,어떤 목적을 지닌 행위에 의하여 나타나는 보람 있는 일이나 결과
2162,效,效力,효력,한 일에 대하여 돌아오는 좋은 결과
2163,效,效果的,효과적,어떤 목적을 지닌 행위에 의하여 좋은 결과가 나타나는 것
2164,效,無效,무효,일정한 원인에 의해 법률 행위의 내용에 따른 법률 효과가 당연히 생기지 않는 것을 말한다
2165,變,變更,변경,다르게 바꾸어 새롭게 고침
2166,變,變革,변혁,급격하게 바뀌어 아주 달라짐
2167,變,變數,변수,어떤 정세나 상황의 가변적 요인
2168,變,變化,변화,사물의 모양이나 성질이 바뀌어 달라짐
2169,變,變身,변신,"몸의 모양이나 성격, 태도 등을 바꿈"
2170,雨,雨傘,우산,비가 올 때 머리에 받쳐 비를 가리는 물건
2171,雨,降雨量,강우량,일정한 장소에 일정한 기간 동안 내린 비의 양
2172,雨,雨期,우기,일 년 중에 장마가 지거나 하여 비가 많이 오는 시기
2173,雨,暴雨,폭우,갑자기 한꺼번에 많이 쏟아지는 비
2174,雨,暴風雨,폭풍우,거센 바람이 불면서 세차게 쏟아지는 큰비
2175,和,緩和,완화,급박하거나 긴장된 상태를 부드럽게 누그러뜨림
2176,和,和解,화해,갈등과 다툼을 그치고 서로 가지고 있던 나쁜 감정을 풂
2177,和,調和,조화,어긋나거나 부딪침이 없이 서로 고르게 잘 어울림
2178,和,平和,평화,전쟁이나 갈등이 없이 평온함
2179,和,平和的,평화적,전쟁이나 갈등이 없이 평온하고 화목한 것
2180,江,江邊,강변,강물이 뭍에 잇닿는 언저리 부근
2181,江,錦繡江山,금수강산,비단에 수를 놓은 듯 매우 아름다운 산천
2182,江,漢江,한강,우리나라 서울을 중심으로 한 중부를 지나 황해로 흐르는 강
2183,江,江南,강남,서울의 한강 이남 지역
2184,江,江山,강산,강과 산
2185,樹,街路樹,가로수,시가지의 도로를 따라서 줄지어 심어 놓은 나무
2186,樹,果樹園,과수원,과실나무를 전문적으로 재배하는 시설
2187,樹,樹種,수종,나무의 종류
2188,樹,樹立,수립,"국가나 정부, 제도, 기구, 단체 따위를 이룩하여 세움"
2189,樹,樹木,수목,살아 있는 나무
2190,順,先着順,선착순,먼저 와 닿는 순서
2191,順,順序,순서,정해진 기준에 따라 여럿을 선후로 구분하여 나열한 것
2192,順,順位,순위,차례를 나타내는 자리
2193,順,歸順,귀순,반항심이나 반역하려는 마음을 버리고 어떤 체제에 복종하거나 순종함
2194,順,順理,순리,무리가 없는 순조로운 이치나 도리
2195,末,末期,말기,"어떤 일이나 시대, 기간의 끝 무렵"
2196,末,結末,결말,소설이나 이야기 따위에서 마무리를 하는 부분
2197,末,末端,말단,어떤 조직의 가장 아래가 되는 부분
2198,末,年末,연말,한 해의 끝 무렵
2199,末,終末,종말,계속되어 온 일이나 현상의 마지막
2200,文,注文,주문,어떤 일에 대해 일정한 방식으로 해 줄 것을 요구함
2201,文,文章,문장,"일반적으로 어, 구, 절과 함께 문법을 나타내는 언어 단위의 하나"
2202,文,文字,문자,말을 눈으로 읽을 수 있게 나타낸 기호
2203,文,文化,문화,"자연 상태에서 벗어나 삶을 풍요롭고 편리하고 아름답게 만들어 가고자 사회 구성원에 의해 습득, 공유, 전달이 되는 행동 양식"
2204,文,文化的,문화적,"사회 전체 구성원의 생활 양식과 행동 양식 및 그 기반이 되는 물질적, 정신적 소산과 관련이 있는"
2205,間,瞬間,순간,눈 깜짝할 사이의 매우 짧은 동안
2206,間,中間,중간,어떤 일이 아직 끝나지 않아 진행 중인 상황
2207,間,空間,공간,아무것도 없는 빈 곳
2208,間,人間,인간,"직립 보행을 하며, 사고와 언어 능력을 바탕으로 문명과 사회를 이루고 사는 고등 동물"
2209,間,時間,시간,"과거, 현재, 미래로 이어져 머무름이 없이 일정한 빠르기로 무한히 연속되는 흐름"
2210,班,團束班,단속반,어떤 행위를 감시하고 통제하기 위해 일정한 인원으로 구성된 조직체
2211,班,班長,반장,반을 대표하는 일을 맡은 사람
2212,班,卒業班,졸업반,졸업을 앞둔 학년
2213,班,兩班,양반,"지체나 신분이 높거나 문벌이 좋은, 상류 계급에 속한 사람"
2214,班,首班,수반,어떤 신분 서열의 첫째
2215,等,等級,등급,"신분, 품질, 값, 각종 평가 등의 높고 낮음, 좋고 나쁨을 여러 단계로 나누는 구분"
2216,等,劣等感,열등감,자기를 남보다 못하거나 무가치하게 낮추어 평가하는 마음
2217,等,高等學校,고등학교,중학교를 마친 사람에게 고등 보통 교육과 실업 교육을 실시하는 학교
2218,等,平等,평등,"권리나 의무, 신분 따위가 차별이 없이 고르고 한결같음"
2219,等,高等,고등,"등급이나 수준, 정도 따위가 높음"
2220,上,上下,상하,위와 아래를 아울러 이르는 말
2221,上,世上,세상,생명체가 살고 있는 지구
2222,上,頂上,정상,맨 위 꼭대기
2223,上,以上,이상,"수량, 정도, 위치 등이 일정한 기준보다 더 많거나 낫거나 앞섬"
2224,上,祖上,조상,자기가 살고 있는 세대 이전의 모든 세대
2225,事,事實,사실,실제로 발생했던 일이나 현재에 있는 일
2226,事,事件,사건,사회적으로 문제가 되거나 관심을 끌 만한 일
2227,事,事故,사고,뜻밖에 갑자기 일어난 좋지 않은 일
2228,事,事情,사정,일의 형편이나 그렇게 된 까닭
2229,事,事業,사업,주로 생산과 영리를 목적으로 지속하는 계획적인 경제 활동
2230,藥,醫藥,의약,의술과 약품을 아울러 이르는 말
2231,藥,藥品,약품,병이나 상처의 치료 또는 예방을 위하여 먹거나 바르거나 주사하는 일체의 물질
2232,藥,藥酒,약주,윗사람이 마시는 술을 점잖게 이르는 말
2233,藥,農藥,농약,농작물에 해로운 병충해를 없애 주거나 농산물을 생장시키고 발육시키는 데에 쓰이는 약품을 통틀어 이르는 말
2234,藥,韓藥,한약,한방에서 쓰는 약
2235,寸,寸志,촌지,어떠한 사람에게 잘 보이기 위해서나 특별한 혜택을 받기 위해 뇌물로 주는 금품
2236,寸,寸數,촌수,친족 사이의 멀고 가까운 정도를 나타내는 수
2237,寸,三寸,삼촌,아버지나 어머니의 형제를 가리키거나 부르는 말
2238,寸,四寸,사촌,어버이의 친형제자매의 아들이나 딸을 촌수로 따져서 이르는 말
2239,寸,外三寸,외삼촌,어머니의 남자 형제를 가리키거나 부르는 말
2240,序,秩序,질서,사물들의 규칙적인 배치나 배열
2241,序,順序,순서,정해진 기준에 따라 여럿을 선후로 구분하여 나열한 것
2242,序,序論,서론,"논문 등에서 본격적인 논의에 들어가기 전, 논의의 앞부분에 그것의 목적이나 내용을 간단하게 밝힌 글"
2243,序,序列,서열,일정한 기준에 따라 순서대로 늘어섬
2244,序,序文,서문,책이나 논문 따위의 첫 부분에 내용의 개요 따위에 대해 간략하게 적은 글
2245,競,競技,경기,"일정한 규칙 아래 운동이나 기술, 기량 등을 겨루어 누가 잘하는지 우열을 가림"
2246,競,競賣,경매,"어떤 물건을 사려는 사람이 여럿일 때, 값을 제일 높게 부른 사람에게 팖"
2247,競,競爭,경쟁,같은 목적에 대하여 서로 이기거나 앞서려고 다툼
2248,競,競爭力,경쟁력,상대와 경쟁하여 버티거나 이길 수 있는 힘
2249,競,競技場,경기장,경기를 할 수 있는 설비와 시설을 갖춘 곳
2250,億,億臺,억대,억으로 헤아릴 만큼 아주 많음
2251,億,億萬,억만,헤아릴 수 없이 많은 수를 비유적으로 이르는 말
2252,億,數億,수억,‘억2’의 여러 배가 되는 수
2253,億,百億,백억,‘억2’의 백 배가 되는 수
2254,億,十億,십억,‘억2’의 열 배가 되는 수
2255,直,直接,직접,중간에 아무것도 끼거나 거치지 않고 바로
2256,直,垂直,수직,물체를 실에 매달아 드리웠을 때 그 실이 보이는 방향
2257,直,直線,직선,곧은 선
2258,直,直前,직전,어떤 일이 일어나기 바로 전
2259,直,直接的,직접적,중간에 아무것도 끼거나 거치지 않고 바로 연결하는 것
2260,近,隣近,인근,어떤 지점이나 위치를 기준으로 가까이 인접해 있는 곳
2261,近,近處,근처,"어떤 지역이나 지점, 사물 또는 사람을 중심으로 가까운 곳"
2262,近,側近,측근,곁의 가까운 곳
2263,近,最近,최근,지나간 지 얼마 안 된 즈음
2264,近,附近,부근,어떤 대상을 중심으로 그곳에서 가까운 곳
2265,高,高級,고급,"대체로 가격이 비싸며 정도나 품질, 수준 따위의 등급이 높음"
2266,高,高喊,고함,크게 외치는 소리
2267,高,高地,고지,목표로 하고 있는 것
2268,高,高度,고도,수준이나 정도 따위가 높거나 뛰어남
2269,高,最高,최고,정도나 수치 따위가 가장 높음
2270,活,活用,활용,이리저리 잘 이용함
2271,活,復活,부활,쇠퇴한 것이나 없어진 것이 다시 성하게 일어남
2272,活,活氣,활기,활동의 원천이 되는 정기
2273,活,活動,활동,일정한 성과를 거두기 위해 어떤 일을 활발히 함
2274,活,生活,생활,생명이 있는 동안 살아서 경험하고 활동함
2275,道,複道,복도,건물 안의 긴 통로
2276,道,道理,도리,방법이나 수단
2277,道,道德的,도덕적,인간이 지켜야 할 도리나 바람직한 행동 규범과 관련된
2278,道,軌道,궤도,"행성이나 혜성, 인공위성 따위가 중력의 영향을 받아 다른 천체의 주위를 돌면서 그리는 일정한 곡선의 길"
2279,道,鐵道,철도,열차를 이용한 운송 수단
2280,度,速度,속도,일이 진행되는 빠른 정도
2281,度,程度,정도,얼마의 분량
2282,度,强度,강도,강한 정도
2283,度,制度,제도,법이나 관습에 의하여 세워진 모든 사회적 규약의 체계
2284,度,態度,태도,어떤 일이나 상황에 직면했을 때 가지는 입장이나 자세
2285,雄,大雄殿,대웅전,선종 계통의 절에서 석가모니불을 본존불로 모신 본당
2286,雄,雌雄,자웅,암컷과 수컷을 아울러 이르는 말
2287,雄,雄辯,웅변,청중 앞에서 우렁찬 목소리로 유창하고 당당하게 말함
2288,雄,英雄的,영웅적,영웅으로 여길 만한
2289,雄,英雄,영웅,사회의 이상적 가치를 실현하거나 그 가치를 대표할 만한 사람
2290,無,無料,무료,값이나 삯이 필요 없음
2291,無,無名,무명,이름이 널리 알려져 있지 않음
2292,無,無慮,무려,생각했던 것보다 훨씬 많이
2293,無,虛無,허무,세상의 진리나 인생 따위가 공허하고 무의미함을 이르는 말
2294,無,無理,무리,이치에 맞지 않거나 알맞은 정도에서 벗어남
2295,舊,親舊,친구,오래도록 친하게 사귀어 온 사람
2296,舊,舊世代,구세대,이전의 세대
2297,舊,舊式,구식,예전의 방식이나 형식
2298,舊,復舊,복구,손상되기 이전의 상태로 회복되게 함
2299,舊,男子親舊,남자친구,연애하는 관계의 남자를 이르는 말
2300,健,健康,건강,몸이나 정신에 아무 탈이 없이 튼튼함
2301,健,穩健,온건,행동이나 생각 따위가 사리에 맞고 건실함
2302,健,健忘症,건망증,기억력이 좋지 못하여 기억해야 할 무언가를 잘 잊어 버림
2303,健,健全,건전,생각이나 의식 따위가 옳고 바름
2304,健,保健,보건,건강을 지키고 유지하는 일
2305,則,原則,원칙,많은 경우에 두루 적용되는 기본적인 규칙이나 법칙
2306,則,規則,규칙,다 함께 지키기로 정한 사항이나 법칙
2307,則,法則,법칙,"모든 현상들의 원인과 결과, 또는 사물과 사물 사이에 내재하는 보편적이며 필연적인 규칙"
2308,則,規則的,규칙적,어떤 일이나 현상 따위가 일정한 규칙이나 질서에 따라 나타나는 것
2309,則,原則的,원칙적,기본적인 규칙이나 법규를 따르는 것
2310,紙,紙匣,지갑,"가죽이나 비닐, 헝겊 따위로 자그마하게 만든 물건"
2311,紙,便紙,편지,"상대편에게 전하고 싶은 안부, 소식, 용무 따위를 적어 보냄"
2312,紙,封紙,봉지,종이나 비닐로 물건을 담을 수 있게 만든 주머니
2313,紙,休紙,휴지,못 쓰게 된 종이 따위
2314,紙,白紙,백지,아무것도 쓰거나 그리지 않은 종이
2315,傳,傳統的,전통적,"바람직한 사상이나 관습, 행동 따위가 계통을 이루어 현재까지 이어져 내려오는 것"
2316,傳,傳達,전달,소식이나 말 따위를 사람에게 전하여 이르게 함
2317,傳,傳統,전통,"어떤 집단이나 공동체에서 과거로부터 이어 내려오는 바람직한 사상이나 관습, 행동 따위가 계통을 이루어 현재까지 전해진 것"
2318,傳,傳說,전설,오래전부터 전하여 내려오는 말이나 이야기
2319,傳,傳來,전래,예로부터 전해 내려옴
2320,午,午後,오후,낮 열두 시부터 밤 열두 시까지의 동안
2321,午,午前,오전,밤 열두 시부터 낮 열두 시까지의 동안
2322,午,正午,정오,낮 열두 시
2323,午,下午,하오,낮 열두 시부터 밤 열두 시까지의 동안
2324,午,上午,상오,밤 0시부터 낮 12시까지의 사이
2325,右,右側,우측,북쪽을 향하였을 때 동쪽과 같은 쪽
2326,右,左右,좌우,왼쪽과 오른쪽을 한데 이르는 말
2327,右,左右翼,좌우익,좌익 사상과 우익 사상
2328,右,右派,우파,보수적이거나 국수주의적인 경향
2329,右,極右,극우,극단적으로 보수주의적이거나 국수주의적인 사상
2330,室,客室,객실,숙박업소에서 손님이 거처하는 방
2331,室,居室,거실,"아파트나 주택 따위에서, 손님을 접대하거나 가족들이 함께 모여 생활하는 넓은 공간"
2332,室,敎室,교실,"유치원에서 고등학교에 이르는 교육 기관에서, 학생들이 수업하는 방"
2333,室,室長,실장,행정 기관이나 회사 따위의 부서인 실의 우두머리
2334,室,室內,실내,집 또는 건물의 안
2335,始,始作,시작,어떤 일이나 행위를 처음으로 함
2336,始,始終,시종,처음부터 끝까지
2337,始,原始,원시,원래의 처음
2338,始,開始,개시,일이나 행동을 시작함
2339,始,始祖,시조,한 겨레의 가장 처음이 되는 조상
2340,屋,家屋,가옥,사람이 들어가 살기 위해 지은 집
2341,屋,社屋,사옥,회사의 주요 업무를 보기 위한 사무실이 있는 건물
2342,屋,韓屋,한옥,우리나라의 전통적인 건축 양식으로 지은 집
2343,屋,屋上,옥상,현대식 건물에서 마당처럼 평면으로 만든 지붕의 위
2344,屋,屋外,옥외,집이나 건물의 밖
2345,通,普通,보통,일반적으로 흔하게
2346,通,通過,통과,어떤 기관에 제출한 서류나 안건 따위가 검열이나 심의에 승인됨
2347,通,流通,유통,재화나 용역 따위가 생산자로부터 소비자에 도달하기까지 여러 단계에서 교환되고 분배되는 활동
2348,通,通路,통로,통하여 다닐 수 있도록 만들어진 길
2349,通,交通,교통,"자동차, 기차, 비행기 등의 탈것을 이용하여 사람이나 짐이 한 지역에서 다른 지역으로 이동하는 일"
2350,果,效果的,효과적,어떤 목적을 지닌 행위에 의하여 좋은 결과가 나타나는 것
2351,果,成果,성과,일이 이루어진 결과
2352,果,果然,과연,결과적으로 사실로
2353,果,效果,효과,어떤 목적을 지닌 행위에 의하여 나타나는 보람 있는 일이나 결과
2354,果,結果,결과,어떤 원인으로 말미암아 이루어진 일의 상황이나 상태
2355,筆,隨筆,수필,자신의 경험이나 느낌 따위를 일정한 형식에 얽매이지 않고 자유롭게 기술한 산문 형식의 글
2356,筆,鉛筆,연필,흑연과 점토를 재료로 심을 나무판 속에 넣어 만든 필기도구
2357,筆,筆者,필자,글을 쓴 사람
2358,筆,執筆,집필,"붓을 잡는다는 뜻으로, 직접 소설이나 책 따위의 글을 쓰는 것을 이르는 말"
2359,筆,筆頭,필두,여럿을 차례대로 벌여 적거나 말할 때의 맨 처음의 것
2360,向,趣向,취향,하고 싶은 마음이나 욕구 따위가 기우는 방향
2361,向,傾向,경향,사상이나 행동 또는 어떤 현상에서 나타나는 일정한 방향성
2362,向,方向,방향,어떤 곳을 향한 쪽
2363,向,向上,향상,무엇의 수준이 이전보다 더 나아지거나 높아짐
2364,向,動向,동향,사람이나 일이 움직이거나 돌아가는 형세
2365,史,歷史,역사,인류 사회의 발전과 관련된 의미 있는 과거 사실들에 대한 인식
2366,史,歷史上,역사상,역사에 나타나 있는 사실의 바탕
2367,史,女史,여사,결혼한 여자를 높여 이르는 말
2368,史,世界史,세계사,세계 전체의 역사
2369,史,歷史的,역사적,인류 사회의 발전과 관련된 의미 있는 과거 사실들에 대한 인식이나 기록과 관련된 것
2370,四,四肢,사지,두 팔과 두 다리를 아울러 이르는 말
2371,四,四柱,사주,사람이 태어난 연월일시의 네 가지 간지
2372,四,四方,사방,모든 곳 또는 여러 곳을 비유적으로 이르는 말
2373,四,四寸,사촌,어버이의 친형제자매의 아들이나 딸을 촌수로 따져서 이르는 말
2374,四,四十,사십,‘십’의 네 배가 되는 수
2375,休,休暇,휴가,학업 또는 근무를 일정한 기간 동안 쉬는 일
2376,休,休息,휴식,일을 하는 도중에 잠깐 쉼
2377,休,休紙,휴지,못 쓰게 된 종이 따위
2378,休,休戰,휴전,전쟁 중 얼마 동안 싸움을 멈춤
2379,休,連休,연휴,이틀 이상 잇달아 이어지는 휴일
2380,己,利己的,이기적,자신의 이익만을 꾀하는 것
2381,己,自己,자기,당사자 자신
2382,己,克己,극기,자기의 감정이나 욕심 따위를 이성적인 의지로써 눌러 이김
2383,己,利己主義,이기주의,다른 사람이나 사회 일반에 대해서 배려하지 않고 자신의 이익이나 행복만을 고집하는 사고방식
2384,己,利己心,이기심,자기 자신의 이익만을 꾀하거나 남의 이해는 돌아보지 않는 마음
2385,日,日字,일자,특별하게 정한 어느 날
2386,日,日記,일기,"날마다 자신이 겪은 일이나 생각, 느낌 등을 사실대로 적은 기록"
2387,日,日程,일정,그날에 할 일
2388,日,來日,내일,오늘의 바로 다음날
2389,日,每日,매일,하루하루의 모든 날마다
2390,患,憂患,우환,집안에 좋지 않은 일이나 아픈 사람이 생겨서 나는 걱정이나 근심
2391,患,胎患,태환,선천적으로 수정체가 흐려서 잘 보지 못하는 병증
2392,患,患部,환부,병 또는 상처가 나서 아픈 자리
2393,患,患者,환자,병을 앓거나 몸을 다친 사람
2394,患,疾患,질환,몸에 생기는 온갖 병
2395,關,關聯,관련,무엇이 다른 어떤 것과 서로 연결되어 얽혀 있음
2396,關,關係,관계,둘 또는 여러 대상이 서로 연결되어 얽혀 있음
2397,關,機關,기관,"법인이나 단체의 의사를 결정하거나 그 실행에 참여하는 지위에 있고, 그 행위가 법인의 행위로 간주되는 개인이나 단체"
2398,關,關心,관심,어떤 것에 마음이 끌려 신경을 쓰거나 주의를 기울임
2399,關,相關,상관,서로 관련을 가짐
2400,考,考慮,고려,어떤 대상에 대하여 생각하고 헤아려 봄
2401,考,考査,고사,성적이나 능력 등을 자세히 검사하여 평가하는 시험
2402,考,考察,고찰,연구의 대상 따위를 깊이 생각하여 살핌
2403,考,參考,참고,어떤 자료를 살펴서 도움이 될 만한 것으로 삼음
2404,考,思考,사고,무엇을 헤아리고 판단하고 궁리함
2405,正,正體,정체,사물이나 사람이 본디 지니고 있는 형상
2406,正,正面,정면,마주보는 쪽
2407,正,正常的,정상적,특별한 변동이나 탈이 없이 상태가 제대로인 것
2408,正,改正,개정,문서 따위의 내용을 고쳐 바르게 함
2409,正,不正,부정,바르지 않거나 옳지 못함
2410,軍,軍隊,군대,한 나라나 단체 등의 군사 조직에 속한 사람들의 집단
2411,軍,軍事的,군사적,"군대나 국방, 전쟁 따위에 관계되는"
2412,軍,國軍,국군,우리나라의 군대와 군인
2413,軍,軍人,군인,"군대에 복무하는 장교, 부사관, 병사를 통틀어 이르는 말"
2414,軍,美軍,미군,미국 군대
2415,球,籠球,농구,"다섯 사람씩 두 편으로 나뉘어, 상대편의 바구니에 공을 던져 넣어 얻은 점수로 승부를 가르는 경기"
2416,球,地球村,지구촌,"문명의 발달로 온 인류가 서로 쉽게 왕래하고 통신할 수 있는 세상이라는 뜻에서 나온 말로, 지구를 한마을처럼 생각하여 쓰는 말"
2417,球,地球,지구,인류가 살고 있는 천체
2418,球,地球上,지구상,지구의 표면
2419,球,野球,야구,아홉 명으로 이루어진 두 팀이 9회에 걸쳐 공격과 수비를 번갈아 하며 득점을 다투는 구기 경기
2420,種,種類,종류,일정한 특질에 따라 나뉘어지는 사물의 갈래
2421,種,種種,종종,시간적이나 공간적으로 간격이 조금씩 뜨게
2422,種,種目,종목,특정한 갈래에 따라 나눈 항목
2423,種,一種,일종,"‘일종의’의 꼴로 쓰여, 막연하게 ‘어떤’의 뜻을 나타내는 말"
2424,種,種子,종자,성숙된 식물의 씨앗
2425,電,電話,전화,전화기를 통하여 말을 주고받음
2426,電,電氣,전기,물질 안에 있는 전자의 이동으로 인하여 생기는 에너지의 한 형태
2427,電,電算,전산,전자 회로를 이용하여 계산을 하는 데 사용하는 기계
2428,電,電力,전력,전류가 단위 시간에 행하는 일
2429,電,家電,가전,가정에서 사용하는 전기 기기 제품
2430,材,原資材,원자재,공업 생산의 원료가 되는 자재
2431,材,材料,재료,물건을 만들 때 바탕으로 사용하는 것
2432,材,素材,소재,예술 작품을 만드는 데 바탕이 되는 재료
2433,材,敎材,교재,교육에 필요한 내용을 담고 있어 가르치거나 학습하는 데 쓰이는 여러 가지 재료
2434,材,取材,취재,문학 작품이나 기사 따위를 쓰는 데 필요한 자료나 재료를 찾아내서 수집하거나 조사하여 얻음
2435,決,判決,판결,민사나 형사 소송 사건에 대하여 법원이 법률에 따라 변론을 거쳐 판단하고 결정하는 재판
2436,決,決定,결정,어떤 일에 대한 방향이나 태도를 분명하게 정함
2437,決,解決,해결,어떤 문제나 사건 따위를 풀거나 잘 처리함
2438,決,決心,결심,어떻게 하기로 자신의 뜻을 확실히 정함
2439,決,決定的,결정적,일의 결과를 판가름할 만큼 중요한 것
2440,民,民間,민간,관청이나 정부와 같은 공적인 기관에 속하지 않음
2441,民,民族,민족,일정한 지역에서 오랜 세월 동안 공동생활을 하면서 언어와 문화상의 공통성에 기초하여 역사적으로 형성된 사회 집단
2442,民,民族的,민족적,민족과 관련이 있는
2443,民,民主的,민주적,민주주의의 정신이나 원칙에 맞거나 부합되는 것
2444,民,市民,시민,시에 사는 사람
2445,化,變化,변화,사물의 모양이나 성질이 바뀌어 달라짐
2446,化,消化,소화,섭취한 음식물을 분해하여 영양분을 흡수하기 쉬운 형태로 변화시키는 작용
2447,化,文化,문화,"자연 상태에서 벗어나 삶을 풍요롭고 편리하고 아름답게 만들어 가고자 사회 구성원에 의해 습득, 공유, 전달이 되는 행동 양식"
2448,化,强化,강화,힘이나 세력 따위를 더 튼튼하고 강하게 함
2449,化,文化的,문화적,"사회 전체 구성원의 생활 양식과 행동 양식 및 그 기반이 되는 물질적, 정신적 소산과 관련이 있는"
2450,物,物件,물건,일정한 형체를 갖춘 물질적 대상
2451,物,建物,건물,사람이 살거나 일하거나 물건을 넣어 두기 위해 지은 집을 통틀어 이르는 말
2452,物,物質的,물질적,경제적 가치를 지니는 재물이나 재산과 관련이 있는
2453,物,人物,인물,‘사람’을 대상으로 여겨 이르는 말
2454,物,物理的,물리적,구체적인 형태를 가지고 존재하는 대상과 관련이 있는 것
2455,病,疾病,질병,몸에 생기는 온갖 병
2456,病,病院,병원,일정한 시설을 갖추고 병을 진찰하고 치료하는 곳
2457,病,病身,병신,신체의 어느 부분이 제 기능을 하지 못하거나 보통과는 다른 형체를 가진 사람
2458,病,病的,병적,말이나 행동이 정상의 상태에서 벗어난 것
2459,病,病室,병실,병을 치료하기 위해 환자를 따로 거처하게 만든 방
2460,車,車輛,차량,"내연 기관의 힘으로 바퀴를 굴려 사람이나 짐을 실어 옮길 수 있도록 한, 땅 위를 다니는 교통수단을 통틀어 이르는 말"
2461,車,列車,열차,기관차에 화차나 객차를 달아 선로를 통해 여객이나 화물을 실어나르는 차량
2462,車,自轉車,자전거,두 다리로 페달을 밟아 바퀴를 돌림으로써 움직이게 하는 탈것
2463,車,汽車,기차,기관차에 화차나 객차를 달아 선로를 통해 여객이나 화물을 실어나르는 차량
2464,車,自動車,자동차,"차체에 설비된 원동기로 바퀴를 굴려서 땅 위를 주행하며, 사람이나 화물 따위를 운반하거나 각종 작업을 하도록 되어 있는 기계"
2465,黑,暗黑,암흑,주변이 어둡고 캄캄함
2466,黑,黑白,흑백,검은빛과 흰빛을 아울러 이르는 말
2467,黑,黑字,흑자,수입이 지출보다 많아 잉여나 이익이 생기는 일
2468,黑,黑人,흑인,흑색 인종에 속하는 사람
2469,黑,黑色,흑색,숯이나 먹과 같은 빛깔
2470,今,只今,지금,말하고 있는 바로 이때
2471,今,今年,금년,지금 살고 있는 이 해
2472,今,今方,금방,말하고 있는 때보다 바로 조금 전에
2473,今,方今,방금,바로 이제
2474,今,今世紀,금세기,지금의 이 세기
2475,去,撤去,철거,이미 설치되어 있는 건물이나 시설 따위를 거두어 치움
2476,去,除去,제거,어떤 사물이나 현상 따위를 없어지게 함
2477,去,過去,과거,지나간 일이나 때
2478,去,去就,거취,사람이 어디로 가거나 다니거나 하는 움직임의 상태
2479,去,去來,거래,"상품이나 용역을 사고팔거나, 서로 돈을 융통함"
2480,福,幸福,행복,생활에서 기쁨과 만족감을 느껴 흐뭇한 상태
2481,福,福券,복권,제비를 뽑아 당첨되면 상금이나 어떤 이득을 받게 되는 표
2482,福,祝福,축복,남 또는 남의 일이나 미래가 행복하기를 빌거나 그것을 기뻐하여 축하함
2483,福,福祉,복지,"좋은 건강, 윤택한 생활, 안락한 환경들이 어우러져 행복을 누릴 수 있는 상태"
2484,福,福音,복음,그리스도가 죽음으로써 인류를 구원한다는 기쁜 소식
2485,冷,冷藏庫,냉장고,음식물이나 약품 따위를 신선하게 보관하기 위하여 낮은 온도에서 차갑게 저장하는 상자 모양의 기구
2486,冷,冷戰,냉전,직접적으로 무력을 사용하지 않고 경제나 외교 따위를 수단으로 하는 국제적 대립
2487,冷,冷凍,냉동,음식물 따위를 신선하게 보관하기 위하여 얼림
2488,冷,冷氣,냉기,차가운 기운
2489,冷,冷水,냉수,차가운 물
2490,面,場面,장면,"영화, 연극, 방송극 따위에서, 일정한 공간에서 벌어지는 사건의 한 광경"
2491,面,內面,내면,"세계 혹은 인간의 물리적인 실체를 외부로 보고, 그에 대하여 밖으로 나타내지지 않은 추상적인 속 부분을 이르는 말"
2492,面,表面,표면,사물의 가장 바깥쪽 혹은 위쪽의 부분
2493,面,正面,정면,마주보는 쪽
2494,面,側面,측면,사물이나 현상의 한 부분
2495,價,價値,가치,인간이 대상과의 관계에 의해 지니게 되는 중요성
2496,價,株價,주가,주식을 판매하는 값
2497,價,評價,평가,사람이나 사물의 가치나 수준 따위를 일정한 기준에 의해 따져 매김
2498,價,價格,가격,물건이 지니고 있는 교환 가치를 화폐의 단위로 나타낸 것
2499,價,代價,대가,어떤 일에 들인 노력이나 희생에 대해 받는 값
